Number,x1,y1,x2,y2
0,0,0,9899,9909
1,0,9909,9899,20000
2,9899,0,20000,9909
3,9899,9909,15237,14737
4,9899,14737,15237,20000
5,15237,9909,20000,14737
6,15237,14737,17800,17377
7,15237,17377,17800,20000
8,17800,14737,20000,17377
9,17800,17377,19064,18422
10,17800,18422,19064,20000
11,17800,18422,18421,19192
12,17800,19192,18421,20000
13,18421,18422,19064,19192
14,17800,14737,18540,16301
15,17800,16301,18540,17377
16,18540,14737,20000,16301
17,17800,14737,18990,16119
18,17800,16119,18990,17377
19,18990,14737,20000,16119
20,17800,18422,18421,18915
21,17800,18915,18421,20000
22,18421,18422,19064,18915
23,9899,0,14773,5261
24,9899,5261,14773,9909
25,14773,0,20000,5261
26,17800,18422,18584,19140
27,17800,19140,18584,20000
28,18584,18422,19064,19140
29,9899,0,14800,5146
30,9899,5146,14800,9909
31,14800,0,20000,5146
32,17800,18422,18270,19096
33,17800,19096,18270,20000
34,18270,18422,19064,19096
35,15237,9909,17847,12117
36,15237,12117,17847,14737
37,17847,9909,20000,12117
38,17847,9909,18888,11181
39,17847,11181,18888,12117
40,18888,9909,20000,11181
41,14773,0,17311,2317
42,14773,2317,17311,5261
43,17311,0,20000,2317
44,9899,0,12157,2781
45,9899,2781,12157,5146
46,12157,0,14800,2781
47,9899,0,15199,5160
48,9899,5160,15199,9909
49,15199,0,20000,5160
50,9899,9909,12597,12583
51,9899,12583,12597,14737
52,12597,9909,15237,12583
53,9899,0,11962,2767
54,9899,2767,11962,5146
55,11962,0,14800,2767
56,15237,12117,16747,13433
57,15237,13433,16747,14737
58,16747,12117,17847,13433
59,12157,0,13858,1660
60,12157,1660,13858,2781
61,13858,0,14800,1660
62,9899,9909,11555,10972
63,9899,10972,11555,12583
64,11555,9909,12597,10972
65,16747,12117,17035,12410
66,16747,12410,17035,13433
67,17035,12117,17847,12410
68,9899,2767,10835,4355
69,9899,4355,10835,5146
70,10835,2767,11962,4355
71,12157,0,13560,1374
72,12157,1374,13560,2781
73,13560,0,14800,1374
74,11962,0,13258,1562
75,11962,1562,13258,2767
76,13258,0,14800,1562
77,9899,2767,11128,3700
78,9899,3700,11128,5146
79,11128,2767,11962,3700
80,12157,0,13718,1214
81,12157,1214,13718,2781
82,13718,0,14800,1214
83,17311,0,18478,1045
84,17311,1045,18478,2317
85,18478,0,20000,1045
86,0,0,5210,5002
87,0,5002,5210,9909
88,5210,0,9899,5002
89,18990,14737,19781,15092
90,18990,15092,19781,16119
91,19781,14737,20000,15092
92,17847,9909,18100,10734
93,17847,10734,18100,11181
94,18100,9909,18888,10734
95,9899,10972,10360,11861
96,9899,11861,10360,12583
97,10360,10972,11555,11861
98,9899,0,12529,2479
99,9899,2479,12529,5160
100,12529,0,15199,2479
101,16747,12117,17401,12446
102,16747,12446,17401,13433
103,17401,12117,17847,12446
104,15237,9909,17351,12127
105,15237,12127,17351,14737
106,17351,9909,20000,12127
107,9899,5146,12604,7904
108,9899,7904,12604,9909
109,12604,5146,14800,7904
110,17847,9909,18686,10810
111,17847,10810,18686,11181
112,18686,9909,18888,10810
113,10835,2767,11574,3958
114,10835,3958,11574,4355
115,11574,2767,11962,3958
116,17800,16119,18683,16677
117,17800,16677,18683,17377
118,18683,16119,18990,16677
119,17800,17377,18470,18016
120,17800,18016,18470,18422
121,18470,17377,19064,18016
122,12157,1214,13079,2217
123,12157,2217,13079,2781
124,13079,1214,13718,2217
125,9899,7904,11086,8707
126,9899,8707,11086,9909
127,11086,7904,12604,8707
128,9899,0,11175,1568
129,9899,1568,11175,2479
130,11175,0,12529,1568
131,16747,12117,17314,12460
132,16747,12460,17314,13433
133,17314,12117,17847,12460
134,11962,0,13771,1628
135,11962,1628,13771,2767
136,13771,0,14800,1628
137,12529,0,13731,948
138,12529,948,13731,2479
139,13731,0,15199,948
140,17800,17377,18531,17862
141,17800,17862,18531,18422
142,18531,17377,19064,17862
143,9899,8707,10748,9000
144,9899,9000,10748,9909
145,10748,8707,11086,9000
146,17847,9909,18414,10739
147,17847,10739,18414,11181
148,18414,9909,18888,10739
149,9899,10972,10891,11824
150,9899,11824,10891,12583
151,10891,10972,11555,11824
152,17800,14737,19085,16042
153,17800,16042,19085,17377
154,19085,14737,20000,16042
155,9899,2479,11230,3744
156,9899,3744,11230,5160
157,11230,2479,12529,3744
158,9899,5146,11526,6885
159,9899,6885,11526,7904
160,11526,5146,12604,6885
161,15237,9909,16632,11035
162,15237,11035,16632,12117
163,16632,9909,17847,11035
164,9899,2479,11350,3482
165,9899,3482,11350,5160
166,11350,2479,12529,3482
167,9899,14737,12741,17330
168,9899,17330,12741,20000
169,12741,14737,15237,17330
170,18478,0,19618,760
171,18478,760,19618,1045
172,19618,0,20000,760
173,15237,13433,16005,13765
174,15237,13765,16005,14737
175,16005,13433,16747,13765
176,9899,2479,10775,2625
177,9899,2625,10775,3482
178,10775,2479,11350,2625
179,12157,1660,12998,2348
180,12157,2348,12998,2781
181,12998,1660,13858,2348
182,11962,0,12479,1174
183,11962,1174,12479,1562
184,12479,0,13258,1174
185,11555,9909,11911,10246
186,11555,10246,11911,10972
187,11911,9909,12597,10246
188,17800,17377,18340,17987
189,17800,17987,18340,18422
190,18340,17377,19064,17987
191,12157,0,12632,711
192,12157,711,12632,1214
193,12632,0,13718,711
194,9899,6885,10461,7321
195,9899,7321,10461,7904
196,10461,6885,11526,7321
197,15237,12127,16317,13751
198,15237,13751,16317,14737
199,16317,12127,17351,13751
200,15237,12127,15406,13311
201,15237,13311,15406,13751
202,15406,12127,16317,13311
203,14773,0,17333,2252
204,14773,2252,17333,5261
205,17333,0,20000,2252
206,15237,11035,15610,11627
207,15237,11627,15610,12117
208,15610,11035,16632,11627
209,14773,0,15709,1435
210,14773,1435,15709,2252
211,15709,0,17333,1435
212,12529,0,14218,970
213,12529,970,14218,2479
214,14218,0,15199,970
215,12157,1660,13380,2151
216,12157,2151,13380,2781
217,13380,1660,13858,2151
218,17800,16042,18711,16468
219,17800,16468,18711,17377
220,18711,16042,19085,16468
221,17800,14737,18438,15638
222,17800,15638,18438,16119
223,18438,14737,18990,15638
224,14800,0,17166,2318
225,14800,2318,17166,5146
226,17166,0,20000,2318
227,15237,12127,15721,13005
228,15237,13005,15721,13751
229,15721,12127,16317,13005
230,14773,2317,16385,4110
231,14773,4110,16385,5261
232,16385,2317,17311,4110
233,9899,5261,12476,7296
234,9899,7296,12476,9909
235,12476,5261,14773,7296
236,17311,0,18064,249
237,17311,249,18064,1045
238,18064,0,18478,249
239,15709,0,16587,1075
240,15709,1075,16587,1435
241,16587,0,17333,1075
242,9899,5146,10652,6260
243,9899,6260,10652,6885
244,10652,5146,11526,6260
245,16632,9909,16910,10853
246,16632,10853,16910,11035
247,16910,9909,17847,10853
248,9899,0,12181,2789
249,9899,2789,12181,5261
250,12181,0,14773,2789
251,12157,1214,12688,1912
252,12157,1912,12688,2781
253,12688,1214,13718,1912
254,9899,12583,11607,13548
255,9899,13548,11607,14737
256,11607,12583,12597,13548
257,9899,5160,12395,7434
258,9899,7434,12395,9909
259,12395,5160,15199,7434
260,9899,0,12673,3013
261,9899,3013,12673,5261
262,12673,0,14773,3013
263,11962,0,13324,1445
264,11962,1445,13324,2767
265,13324,0,14800,1445
266,9899,3013,11378,3739
267,9899,3739,11378,5261
268,11378,3013,12673,3739
269,9899,8707,10325,9446
270,9899,9446,10325,9909
271,10325,8707,11086,9446
272,11962,0,12650,324
273,11962,324,12650,1445
274,12650,0,13324,324
275,9899,14737,11696,16164
276,9899,16164,11696,17330
277,11696,14737,12741,16164
278,12157,0,13323,1205
279,12157,1205,13323,1660
280,13323,0,13858,1205
281,9899,2781,11422,4195
282,9899,4195,11422,5146
283,11422,2781,12157,4195
284,9899,9909,10949,11288
285,9899,11288,10949,12583
286,10949,9909,12597,11288
287,17800,16042,18518,16629
288,17800,16629,18518,17377
289,18518,16042,19085,16629
290,18540,14737,18872,15890
291,18540,15890,18872,16301
292,18872,14737,20000,15890
293,9899,0,11159,1860
294,9899,1860,11159,3013
295,11159,0,12673,1860
296,9899,0,10893,984
297,9899,984,10893,1860
298,10893,0,11159,984
299,13560,0,13905,748
300,13560,748,13905,1374
301,13905,0,14800,748
302,9899,0,11248,1050
303,9899,1050,11248,2789
304,11248,0,12181,1050
305,15199,0,17228,2620
306,15199,2620,17228,5160
307,17228,0,20000,2620
308,11175,0,11595,503
309,11175,503,11595,1568
310,11595,0,12529,503
311,16317,12127,16918,13198
312,16317,13198,16918,13751
313,16918,12127,17351,13198
314,17311,0,18012,507
315,17311,507,18012,1045
316,18012,0,18478,507
317,16632,9909,17321,10798
318,16632,10798,17321,11035
319,17321,9909,17847,10798
320,11350,2479,12123,3119
321,11350,3119,12123,3482
322,12123,2479,12529,3119
323,18478,0,18985,260
324,18478,260,18985,1045
325,18985,0,20000,260
326,5210,0,7885,2624
327,5210,2624,7885,5002
328,7885,0,9899,2624
329,15709,0,16629,860
330,15709,860,16629,1435
331,16629,0,17333,860
332,14773,2252,15774,3671
333,14773,3671,15774,5261
334,15774,2252,17333,3671
335,17351,9909,18362,11406
336,17351,11406,18362,12127
337,18362,9909,20000,11406
338,9899,9909,12284,12471
339,9899,12471,12284,14737
340,12284,9909,15237,12471
341,11350,2479,12106,3131
342,11350,3131,12106,3482
343,12106,2479,12529,3131
344,13718,0,14229,928
345,13718,928,14229,1214
346,14229,0,14800,928
347,11962,1628,12514,2176
348,11962,2176,12514,2767
349,12514,1628,13771,2176
350,9899,13548,10948,13841
351,9899,13841,10948,14737
352,10948,13548,11607,13841
353,12157,1660,12940,1841
354,12157,1841,12940,2781
355,12940,1660,13858,1841
356,9899,0,11537,1111
357,9899,1111,11537,3013
358,11537,0,12673,1111
359,9899,0,10853,253
360,9899,253,10853,1050
361,10853,0,11248,253
362,18540,14737,18915,15478
363,18540,15478,18915,16301
364,18915,14737,20000,15478
365,18540,14737,19010,15659
366,18540,15659,19010,16301
367,19010,14737,20000,15659
368,9899,0,10272,411
369,9899,411,10272,1050
370,10272,0,11248,411
371,11962,0,13117,958
372,11962,958,13117,1628
373,13117,0,13771,958
374,9899,0,10435,663
375,9899,663,10435,1860
376,10435,0,11159,663
377,9899,9909,10816,10418
378,9899,10418,10816,11288
379,10816,9909,10949,10418
380,9899,3013,10891,4182
381,9899,4182,10891,5261
382,10891,3013,12673,4182
383,9899,5146,11034,6142
384,9899,6142,11034,7904
385,11034,5146,12604,6142
386,15237,11035,16185,11851
387,15237,11851,16185,12117
388,16185,11035,16632,11851
389,17847,9909,18547,11280
390,17847,11280,18547,12117
391,18547,9909,20000,11280
392,9899,2479,10322,2745
393,9899,2745,10322,3482
394,10322,2479,11350,2745
395,9899,6885,10805,7180
396,9899,7180,10805,7904
397,10805,6885,11526,7180
398,5210,0,7569,2184
399,5210,2184,7569,5002
400,7569,0,9899,2184
401,11962,1562,12611,2563
402,11962,2563,12611,2767
403,12611,1562,13258,2563
404,15774,2252,16876,2597
405,15774,2597,16876,3671
406,16876,2252,17333,2597
407,17311,0,18139,916
408,17311,916,18139,1045
409,18139,0,18478,916
410,12157,1214,13155,1663
411,12157,1663,13155,2781
412,13155,1214,13718,1663
413,13718,0,14545,974
414,13718,974,14545,1214
415,14545,0,14800,974
416,9899,0,11214,1303
417,9899,1303,11214,2781
418,11214,0,12157,1303
419,11962,1562,12357,2557
420,11962,2557,12357,2767
421,12357,1562,13258,2557
422,12597,9909,14180,11348
423,12597,11348,14180,12583
424,14180,9909,15237,11348
425,9899,5146,11529,6243
426,9899,6243,11529,7904
427,11529,5146,12604,6243
428,18547,9909,19487,10732
429,18547,10732,19487,11280
430,19487,9909,20000,10732
431,9899,3700,10124,4600
432,9899,4600,10124,5146
433,10124,3700,11128,4600
434,11537,0,11929,540
435,11537,540,11929,1111
436,11929,0,12673,540
437,12604,5146,13720,6696
438,12604,6696,13720,7904
439,13720,5146,14800,6696
440,12597,11348,13359,12140
441,12597,12140,13359,12583
442,13359,11348,14180,12140
443,15237,9909,16255,10431
444,15237,10431,16255,11035
445,16255,9909,16632,10431
446,15199,2620,16190,4290
447,15199,4290,16190,5160
448,16190,2620,17228,4290
449,12604,6696,12964,7426
450,12604,7426,12964,7904
451,12964,6696,13720,7426
452,9899,0,10983,942
453,9899,942,10983,2479
454,10983,0,12529,942
455,14773,4110,15411,4588
456,14773,4588,15411,5261
457,15411,4110,16385,4588
458,17166,0,18951,1321
459,17166,1321,18951,2318
460,18951,0,20000,1321
461,12597,9909,13612,11237
462,12597,11237,13612,12583
463,13612,9909,15237,11237
464,7885,0,8940,1295
465,7885,1295,8940,2624
466,8940,0,9899,1295
467,14773,4110,15298,4761
468,14773,4761,15298,5261
469,15298,4110,16385,4761
470,9899,0,11169,1779
471,9899,1779,11169,2781
472,11169,0,12157,1779
473,12604,6696,13486,7010
474,12604,7010,13486,7904
475,13486,6696,13720,7010
476,9899,1111,10348,1783
477,9899,1783,10348,3013
478,10348,1111,11537,1783
479,11159,0,11962,1066
480,11159,1066,11962,1860
481,11962,0,12673,1066
482,9899,0,10564,524
483,9899,524,10564,1779
484,10564,0,11169,524
485,14773,2317,15263,3253
486,14773,3253,15263,4110
487,15263,2317,16385,3253
488,9899,5146,10511,5804
489,9899,5804,10511,6243
490,10511,5146,11529,5804
491,0,0,2610,2582
492,0,2582,2610,5002
493,2610,0,5210,2582
494,9899,3482,10896,4468
495,9899,4468,10896,5160
496,10896,3482,11350,4468
497,0,0,2607,2816
498,0,2816,2607,5002
499,2607,0,5210,2816
500,12604,5146,13339,5962
501,12604,5962,13339,6696
502,13339,5146,13720,5962
503,5210,0,6848,1013
504,5210,1013,6848,2624
505,6848,0,7885,1013
506,14773,2317,16111,3616
507,14773,3616,16111,5261
508,16111,2317,17311,3616
509,14773,3671,15451,4088
510,14773,4088,15451,5261
511,15451,3671,15774,4088
512,11175,0,12110,965
513,11175,965,12110,1568
514,12110,0,12529,965
515,9899,7434,11269,8546
516,9899,8546,11269,9909
517,11269,7434,12395,8546
518,9899,2479,10507,3303
519,9899,3303,10507,3744
520,10507,2479,11230,3303
521,9899,5160,12500,7169
522,9899,7169,12500,9909
523,12500,5160,15199,7169
524,9899,3700,10115,4536
525,9899,4536,10115,5146
526,10115,3700,11128,4536
527,15237,12127,16666,13247
528,15237,13247,16666,14737
529,16666,12127,17351,13247
530,9899,5261,12350,7418
531,9899,7418,12350,9909
532,12350,5261,14773,7418
533,15237,14737,16736,15947
534,15237,15947,16736,17377
535,16736,14737,17800,15947
536,0,2582,1405,4007
537,0,4007,1405,5002
538,1405,2582,2610,4007
539,15237,11035,16161,11573
540,15237,11573,16161,12117
541,16161,11035,16632,11573
542,16632,9909,17285,10536
543,16632,10536,17285,11035
544,17285,9909,17847,10536
545,9899,3700,10901,4803
546,9899,4803,10901,5146
547,10901,3700,11128,4803
548,9899,9909,11065,11037
549,9899,11037,11065,12471
550,11065,9909,12284,11037
551,14773,2317,15693,3281
552,14773,3281,15693,3616
553,15693,2317,16111,3281
554,9899,16164,10523,16732
555,9899,16732,10523,17330
556,10523,16164,11696,16732
557,14773,0,15681,1151
558,14773,1151,15681,2317
559,15681,0,17311,1151
560,15237,14737,16315,16356
561,15237,16356,16315,17377
562,16315,14737,17800,16356
563,9899,1303,10231,2359
564,9899,2359,10231,2781
565,10231,1303,11214,2359
566,12741,14737,13886,16430
567,12741,16430,13886,17330
568,13886,14737,15237,16430
569,9899,10972,10630,11813
570,9899,11813,10630,12583
571,10630,10972,11555,11813
572,0,0,2536,2581
573,0,2581,2536,5002
574,2536,0,5210,2581
575,14773,0,17042,2434
576,14773,2434,17042,5261
577,17042,0,20000,2434
578,9899,2767,10963,3759
579,9899,3759,10963,5146
580,10963,2767,11962,3759
581,17847,9909,19322,11249
582,17847,11249,19322,12117
583,19322,9909,20000,11249
584,14773,3671,15457,4150
585,14773,4150,15457,5261
586,15457,3671,15774,4150
587,11962,1562,12379,2055
588,11962,2055,12379,2767
589,12379,1562,13258,2055
590,9899,5146,12678,7898
591,9899,7898,12678,9909
592,12678,5146,14800,7898
593,15237,9909,16650,11139
594,15237,11139,16650,12117
595,16650,9909,17847,11139
596,15774,2597,16229,3441
597,15774,3441,16229,3671
598,16229,2597,16876,3441
599,9899,3700,10606,4171
600,9899,4171,10606,5146
601,10606,3700,11128,4171
602,12181,0,13844,1330
603,12181,1330,13844,2789
604,13844,0,14773,1330
605,9899,16164,11166,17045
606,9899,17045,11166,17330
607,11166,16164,11696,17045
608,0,0,1667,1174
609,0,1174,1667,2582
610,1667,0,2610,1174
611,17847,9909,18601,10867
612,17847,10867,18601,11249
613,18601,9909,19322,10867
614,11526,5146,11743,5732
615,11526,5732,11743,6885
616,11743,5146,12604,5732
617,12157,0,13009,1071
618,12157,1071,13009,1660
619,13009,0,13858,1071
620,17800,18422,18684,19421
621,17800,19421,18684,20000
622,18684,18422,19064,19421
623,9899,5261,11133,6534
624,9899,6534,11133,7296
625,11133,5261,12476,6534
626,14800,0,15937,898
627,15937,0,17166,898
628,15237,12117,15599,13068
629,15237,13068,15599,13433
630,15599,12117,16747,13068
631,9899,7434,11338,8615
632,9899,8615,11338,9909
633,11338,7434,12395,8615
634,15237,12127,16069,13108
635,15237,13108,16069,14737
636,16069,12127,17351,13108
637,11529,5146,12334,5364
638,11529,5364,12334,6243
639,12334,5146,12604,5364
640,9899,1779,10290,2230
641,9899,2230,10290,2781
642,10290,1779,11169,2230
643,17042,0,18410,924
644,17042,924,18410,2434
645,18410,0,20000,924
646,11962,1562,12288,2488
647,11962,2488,12288,2767
648,12288,1562,13258,2488
649,7885,1933,8286,2624
650,8286,1295,8940,1933
651,9899,0,12205,2749
652,9899,2749,12205,5261
653,12205,0,14773,2749
654,17351,9909,18507,10714
655,17351,10714,18507,12127
656,18507,9909,20000,10714
657,11159,0,11822,615
658,11159,615,11822,1860
659,11822,0,12673,615
660,12284,9909,13995,11579
661,12284,11579,13995,12471
662,13995,9909,15237,11579
663,9899,5160,12397,7455
664,9899,7455,12397,9909
665,12397,5160,15199,7455
666,15237,9909,15719,10917
667,15237,10917,15719,11139
668,15719,9909,16650,10917
669,16632,9909,17040,10367
670,16632,10367,17040,11035
671,17040,9909,17847,10367
672,17351,9909,18142,10999
673,17351,10999,18142,11406
674,18142,9909,18362,10999
675,15237,12127,15656,12952
676,15237,12952,15656,13247
677,15656,12127,16666,12952
678,10891,3013,12055,3876
679,10891,3876,12055,4182
680,12055,3013,12673,3876
681,12529,0,13679,1416
682,12529,1416,13679,2479
683,13679,0,15199,1416
684,18872,14737,19620,15260
685,18872,15260,19620,15890
686,19620,14737,20000,15260
687,14773,2317,15858,2840
688,14773,2840,15858,4110
689,15858,2317,16385,2840
690,9899,9909,12477,12239
691,9899,12239,12477,14737
692,12477,9909,15237,12239
693,15237,12117,16377,12857
694,15237,12857,16377,13433
695,16377,12117,16747,12857
696,11159,0,11857,1307
697,11159,1307,11857,1860
698,11857,0,12673,1307
699,12181,0,13217,558
700,12181,558,13217,1330
701,13217,0,13844,558
702,11962,1562,12710,1994
703,11962,1994,12710,2767
704,12710,1562,13258,1994
705,15237,12127,16159,13296
706,15237,13296,16159,14737
707,16159,12127,17351,13296
708,9899,9909,10306,10992
709,9899,10992,10306,11288
710,10306,9909,10949,10992
711,12597,9909,13239,10755
712,12597,10755,13239,11348
713,13239,9909,14180,10755
714,0,2582,707,3666
715,0,3666,707,4007
716,707,2582,1405,3666
717,9899,3013,11218,4100
718,9899,4100,11218,5261
719,11218,3013,12673,4100
720,14800,898,15428,1904
721,14800,1904,15428,2318
722,15428,898,15937,1904
723,17800,17377,18224,18015
724,17800,18015,18224,18422
725,18224,17377,19064,18015
726,0,2582,467,3577
727,0,3577,467,4007
728,467,2582,1405,3577
729,9899,0,10932,611
730,9899,611,10932,1568
731,10932,0,11175,611
732,11133,5261,12075,5764
733,11133,5764,12075,6534
734,12075,5261,12476,5764
735,12157,1660,13320,2407
736,12157,2407,13320,2781
737,13320,1660,13858,2407
738,11175,0,12129,803
739,11175,803,12129,1568
740,12129,0,12529,803
741,15237,16356,15384,17113
742,15237,17113,15384,17377
743,15384,16356,16315,17113
744,9899,0,11185,1574
745,9899,1574,11185,2781
746,11185,0,12157,1574
747,7885,1295,8081,2216
748,7885,2216,8081,2624
749,8081,1295,8940,2216
750,12529,1416,12791,1917
751,12529,1917,12791,2479
752,12791,1416,13679,1917
753,17800,14737,18723,16046
754,17800,16046,18723,17377
755,18723,14737,20000,16046
756,11159,0,12245,598
757,11159,598,12245,1860
758,12245,0,12673,598
759,15709,0,16497,382
760,15709,382,16497,1435
761,16497,0,17333,382
762,17042,924,17433,1476
763,17042,1476,17433,2434
764,17433,924,18410,1476
765,9899,7296,11188,8336
766,9899,8336,11188,9909
767,11188,7296,12476,8336
768,15237,9909,17391,12374
769,15237,12374,17391,14737
770,17391,9909,20000,12374
771,12741,14737,14233,15782
772,12741,15782,14233,17330
773,14233,14737,15237,15782
774,12673,0,13918,1537
775,12673,1537,13918,3013
776,13918,0,14773,1537
777,5210,1013,6107,2057
778,5210,2057,6107,2624
779,6107,1013,6848,2057
780,9899,12239,11558,13430
781,9899,13430,11558,14737
782,11558,12239,12477,13430
783,14233,14737,14721,15415
784,14233,15415,14721,15782
785,14721,14737,15237,15415
786,12529,0,13763,1391
787,12529,1391,13763,2479
788,13763,0,15199,1391
789,12397,5160,13513,5971
790,12397,5971,13513,7455
791,13513,5160,15199,5971
792,12673,1537,13011,2292
793,12673,2292,13011,3013
794,13011,1537,13918,2292
795,11962,0,13706,1736
796,11962,1736,13706,2767
797,13706,0,14800,1736
798,12395,5160,13802,6006
799,12395,6006,13802,7434
800,13802,5160,15199,6006
801,13718,0,14097,687
802,13718,687,14097,1214
803,14097,0,14800,687
804,15237,9909,16107,10776
805,15237,10776,16107,11139
806,16107,9909,16650,10776
807,11962,1562,12940,2371
808,11962,2371,12940,2767
809,12940,1562,13258,2371
810,9899,1050,10192,2312
811,9899,2312,10192,2789
812,10192,1050,11248,2312
813,9899,7296,10719,7789
814,9899,7789,10719,8336
815,10719,7296,11188,7789
816,11133,5261,11661,5843
817,11133,5843,11661,6534
818,11661,5261,12476,5843
819,14773,2252,15886,3841
820,14773,3841,15886,5261
821,15886,2252,17333,3841
822,14773,0,15702,934
823,14773,934,15702,2252
824,15702,0,17333,934
825,12673,0,13491,599
826,12673,599,13491,1537
827,13491,0,13918,599
828,12157,1214,12928,1901
829,12157,1901,12928,2781
830,12928,1214,13718,1901
831,12529,1416,13138,2274
832,12529,2274,13138,2479
833,13138,1416,13679,2274
834,11962,0,13004,1158
835,11962,1158,13004,1562
836,13004,0,13258,1158
837,9899,14737,11128,16203
838,9899,16203,11128,17330
839,11128,14737,12741,16203
840,12741,14737,13803,15673
841,12741,15673,13803,17330
842,13803,14737,15237,15673
843,0,1174,1104,1550
844,0,1550,1104,2582
845,1104,1174,1667,1550
846,15709,0,16291,521
847,15709,521,16291,1435
848,16291,0,17333,521
849,0,2581,1217,4103
850,0,4103,1217,5002
851,1217,2581,2536,4103
852,11696,14737,12065,15460
853,11696,15460,12065,16164
854,12065,14737,12741,15460
855,9899,7434,10751,7895
856,9899,7895,10751,8546
857,10751,7434,11269,7895
858,15199,2620,16268,4035
859,15199,4035,16268,5160
860,16268,2620,17228,4035
861,17042,0,18205,1333
862,17042,1333,18205,2434
863,18205,0,20000,1333
864,18478,0,18899,780
865,18478,780,18899,1045
866,18899,0,20000,780
867,9899,0,10889,1331
868,9899,1331,10889,2781
869,10889,0,12157,1331
870,9899,0,12046,2722
871,9899,2722,12046,5146
872,12046,0,14800,2722
873,12181,1330,13215,2335
874,12181,2335,13215,2789
875,13215,1330,13844,2335
876,12529,0,12827,869
877,12529,869,12827,1391
878,12827,0,13763,869
879,9899,16164,10900,16990
880,9899,16990,10900,17330
881,10900,16164,11696,16990
882,15237,9909,15644,10790
883,15237,10790,15644,11035
884,15644,9909,16632,10790
885,18990,14737,19763,15407
886,18990,15407,19763,16119
887,19763,14737,20000,15407
888,12157,1374,13215,2041
889,12157,2041,13215,2781
890,13215,1374,13560,2041
891,11962,1628,13002,2545
892,11962,2545,13002,2767
893,13002,1628,13771,2545
894,12181,1330,13106,1913
895,12181,1913,13106,2789
896,13106,1330,13844,1913
897,9899,2479,11010,3441
898,9899,3441,11010,5160
899,11010,2479,12529,3441
900,6848,0,6981,512
901,6848,512,6981,1013
902,6981,0,7885,512
903,11962,1562,12327,2312
904,11962,2312,12327,2767
905,12327,1562,13258,2312
906,14800,0,16257,1002
907,14800,1002,16257,2318
908,16257,0,17166,1002
909,14773,2317,16307,4108
910,14773,4108,16307,5261
911,16307,2317,17311,4108
912,12597,11348,13605,12261
913,12597,12261,13605,12583
914,13605,11348,14180,12261
915,14773,2840,15459,3307
916,14773,3307,15459,4110
917,15459,2840,15858,3307
918,16190,2620,16680,3396
919,16190,3396,16680,4290
920,16680,2620,17228,3396
921,15237,14737,15962,15157
922,15237,15157,15962,16356
923,15962,14737,16315,15157
924,7569,0,8733,1182
925,7569,1182,8733,2184
926,8733,0,9899,1182
927,11962,0,12539,1089
928,11962,1089,12539,1445
929,12539,0,13324,1089
930,9899,8546,10976,9620
931,9899,9620,10976,9909
932,10976,8546,11269,9620
933,17166,0,18054,285
934,17166,285,18054,1321
935,18054,0,18951,285
936,9899,7418,11334,8782
937,9899,8782,11334,9909
938,11334,7418,12350,8782
939,14773,4108,15395,4295
940,14773,4295,15395,5261
941,15395,4108,16307,4295
942,17800,18422,18603,19066
943,17800,19066,18603,20000
944,18603,18422,19064,19066
945,17042,1333,17255,2115
946,17042,2115,17255,2434
947,17255,1333,18205,2115
948,9899,11288,10467,11620
949,9899,11620,10467,12583
950,10467,11288,10949,11620
951,12395,5160,13571,6666
952,12395,6666,13571,7434
953,13571,5160,15199,6666
954,9899,5261,12368,7272
955,9899,7272,12368,9909
956,12368,5261,14773,7272
957,9899,3700,10655,4232
958,9899,4232,10655,5146
959,10655,3700,11128,4232
960,9899,0,10841,275
961,9899,275,10841,1050
962,10841,0,11248,275
963,9899,7169,10829,8407
964,9899,8407,10829,9909
965,10829,7169,12500,8407
966,16650,9909,16949,10177
967,16650,10177,16949,11139
968,16949,9909,17847,10177
969,11128,14737,12022,15646
970,11128,15646,12022,16203
971,12022,14737,12741,15646
972,14180,9909,14738,10274
973,14180,10274,14738,11348
974,14738,9909,15237,10274
975,9899,3482,10525,4128
976,9899,4128,10525,5160
977,10525,3482,11350,4128
978,13720,5146,14154,5944
979,13720,5944,14154,6696
980,14154,5146,14800,5944
981,15237,9909,15897,10175
982,15237,10175,15897,11139
983,15897,9909,16650,10175
984,9899,0,12195,2888
985,9899,2888,12195,5146
986,12195,0,14800,2888
987,12395,6006,13390,6583
988,12395,6583,13390,7434
989,13390,6006,13802,6583
990,9899,2479,11613,3461
991,9899,3461,11613,5160
992,11613,2479,12529,3461
993,11962,1736,12660,2072
994,11962,2072,12660,2767
995,12660,1736,13706,2072
996,12741,15782,13148,16877
997,12741,16877,13148,17330
998,13148,15782,14233,16877
999,9899,2479,11601,3558
1000,9899,3558,11601,5160
1001,11601,2479,12529,3558
1002,12477,9909,13740,11333
1003,12477,11333,13740,12239
1004,13740,9909,15237,11333
1005,9899,5261,11178,6039
1006,9899,6039,11178,7296
1007,11178,5261,12476,6039
1008,9899,7296,10713,7725
1009,9899,7725,10713,8336
1010,10713,7296,11188,7725
1011,9899,8336,10895,8818
1012,9899,8818,10895,9909
1013,10895,8336,11188,8818
1014,11962,1445,12809,1812
1015,11962,1812,12809,2767
1016,12809,1445,13324,1812
1017,14773,3671,15047,4684
1018,14773,4684,15047,5261
1019,15047,3671,15774,4684
1020,9899,12239,11073,12777
1021,9899,12777,11073,13430
1022,11073,12239,11558,12777
1023,9899,9909,11377,11455
1024,9899,11455,11377,12471
1025,11377,9909,12284,11455
1026,9899,0,11189,943
1027,9899,943,11189,2479
1028,11189,0,12529,943
1029,12673,1537,13480,2213
1030,12673,2213,13480,3013
1031,13480,1537,13918,2213
1032,9899,16164,11072,16765
1033,9899,16765,11072,17330
1034,11072,16164,11696,16765
1035,9899,9909,10942,11354
1036,9899,11354,10942,12583
1037,10942,9909,12597,11354
1038,18547,9909,19061,10563
1039,18547,10563,19061,11280
1040,19061,9909,20000,10563
1041,9899,5146,11053,6277
1042,9899,6277,11053,6885
1043,11053,5146,11526,6277
1044,9899,5261,11324,6312
1045,9899,6312,11324,7296
1046,11324,5261,12476,6312
1047,13763,0,14130,344
1048,13763,344,14130,1391
1049,14130,0,15199,344
1050,15237,14737,16105,15228
1051,15237,15228,16105,16356
1052,16105,14737,16315,15228
1053,9899,5261,10889,5763
1054,9899,5763,10889,6534
1055,10889,5261,11133,5763
1056,15237,11035,16062,11231
1057,15237,11231,16062,12117
1058,16062,11035,16632,11231
1059,18362,9909,19367,10367
1060,18362,10367,19367,11406
1061,19367,9909,20000,10367
1062,18478,0,19067,403
1063,18478,403,19067,1045
1064,19067,0,20000,403
1065,13706,0,13906,988
1066,13706,988,13906,1736
1067,13906,0,14800,988
1068,0,0,1368,1389
1069,0,1389,1368,2581
1070,1368,0,2536,1389
1071,18362,10367,19246,11018
1072,18362,11018,19246,11406
1073,19246,10367,19367,11018
1074,18951,0,19820,1054
1075,18951,1054,19820,1321
1076,19820,0,20000,1054
1077,9899,0,12550,2334
1078,9899,2334,12550,5146
1079,12550,0,14800,2334
1080,14800,0,15572,169
1081,14800,169,15572,1002
1082,15572,0,16257,169
1083,7885,1295,8454,1690
1084,7885,1690,8454,2624
1085,8454,1295,8940,1690
1086,9899,10972,10424,12003
1087,9899,12003,10424,12583
1088,10424,10972,11555,12003
1089,9899,2767,10546,3976
1090,9899,3976,10546,5146
1091,10546,2767,11962,3976
1092,17042,0,18483,904
1093,17042,904,18483,2434
1094,18483,0,20000,904
1095,9899,6243,10726,7382
1096,9899,7382,10726,7904
1097,10726,6243,11529,7382
1098,17800,17377,18566,17521
1099,17800,17521,18566,18422
1100,18566,17377,19064,17521
1101,14800,0,17413,2249
1102,14800,2249,17413,5146
1103,17413,0,20000,2249
1104,10949,9909,11797,10673
1105,10949,10673,11797,11288
1106,11797,9909,12597,10673
1107,9899,17330,11354,18603
1108,9899,18603,11354,20000
1109,11354,17330,12741,18603
1110,14773,0,16113,1106
1111,14773,1106,16113,2434
1112,16113,0,17042,1106
1113,5210,0,6885,1125
1114,5210,1125,6885,2624
1115,6885,0,7885,1125
1116,17042,1333,17437,1769
1117,17042,1769,17437,2434
1118,17437,1333,18205,1769
1119,17351,10714,18271,11479
1120,17351,11479,18271,12127
1121,18271,10714,18507,11479
1122,9899,0,10808,369
1123,9899,369,10808,1050
1124,10808,0,11248,369
1125,0,2816,1236,4158
1126,0,4158,1236,5002
1127,1236,2816,2607,4158
1128,14773,2317,15962,4111
1129,14773,4111,15962,5261
1130,15962,2317,17311,4111
1131,12741,14737,14316,16299
1132,12741,16299,14316,17330
1133,14316,14737,15237,16299
1134,11218,3013,12332,3351
1135,11218,3351,12332,4100
1136,12332,3013,12673,3351
1137,9899,0,11075,682
1138,9899,682,11075,1111
1139,11075,0,11537,682
1140,9899,3744,10205,4171
1141,9899,4171,10205,5160
1142,10205,3744,11230,4171
1143,9899,7904,11587,9232
1144,9899,9232,11587,9909
1145,11587,7904,12604,9232
1146,15237,9909,17267,12622
1147,15237,12622,17267,14737
1148,17267,9909,20000,12622
1149,9899,6039,10369,7020
1150,9899,7020,10369,7296
1151,10369,6039,11178,7020
1152,9899,9909,12794,12113
1153,9899,12113,12794,14737
1154,12794,9909,15237,12113
1155,15237,17377,16913,18808
1156,15237,18808,16913,20000
1157,16913,17377,17800,18808
1158,15237,9909,17763,12659
1159,15237,12659,17763,14737
1160,17763,9909,20000,12659
1161,14773,2840,15308,3397
1162,14773,3397,15308,4110
1163,15308,2840,15858,3397
1164,12741,14737,13683,15077
1165,12741,15077,13683,15782
1166,13683,14737,14233,15077
1167,12673,0,13305,482
1168,12673,482,13305,1537
1169,13305,0,13918,482
1170,5210,0,5806,769
1171,5210,769,5806,1125
1172,5806,0,6885,769
1173,13995,9909,14625,10871
1174,13995,10871,14625,11579
1175,14625,9909,15237,10871
1176,13612,9909,14590,10928
1177,13612,10928,14590,11237
1178,14590,9909,15237,10928
1179,9899,6039,10228,7004
1180,9899,7004,10228,7296
1181,10228,6039,11178,7004
1182,5210,0,7397,2320
1183,5210,2320,7397,5002
1184,7397,0,9899,2320
1185,13571,5160,14432,5736
1186,13571,5736,14432,6666
1187,14432,5160,15199,5736
1188,17166,0,18911,1414
1189,17166,1414,18911,2318
1190,18911,0,20000,1414
1191,17800,14737,18267,15684
1192,17800,15684,18267,16119
1193,18267,14737,18990,15684
1194,0,0,908,840
1195,0,840,908,1389
1196,908,0,1368,840
1197,13886,14737,14189,15880
1198,13886,15880,14189,16430
1199,14189,14737,15237,15880
1200,9899,943,10233,1611
1201,9899,1611,10233,2479
1202,10233,943,11189,1611
1203,5210,0,6363,1528
1204,5210,1528,6363,2624
1205,6363,0,7885,1528
1206,10192,1050,10403,1684
1207,10192,1684,10403,2312
1208,10403,1050,11248,1684
1209,16190,2620,16568,3469
1210,16190,3469,16568,4290
1211,16568,2620,17228,3469
1212,9899,12583,11492,13562
1213,9899,13562,11492,14737
1214,11492,12583,12597,13562
1215,11962,1445,12363,2481
1216,11962,2481,12363,2767
1217,12363,1445,13324,2481
1218,12529,0,14060,1045
1219,12529,1045,14060,2479
1220,14060,0,15199,1045
1221,14773,2317,15898,3822
1222,14773,3822,15898,5261
1223,15898,2317,17311,3822
1224,11133,5261,11708,5748
1225,11133,5748,11708,6534
1226,11708,5261,12476,5748
1227,9899,2479,10791,3457
1228,9899,3457,10791,3744
1229,10791,2479,11230,3457
1230,9899,3461,10365,4709
1231,9899,4709,10365,5160
1232,10365,3461,11613,4709
1233,9899,2749,11063,3628
1234,9899,3628,11063,5261
1235,11063,2749,12205,3628
1236,13148,15782,13910,15933
1237,13148,15933,13910,16877
1238,13910,15782,14233,15933
1239,9899,3744,10799,4633
1240,9899,4633,10799,5160
1241,10799,3744,11230,4633
1242,18911,0,19158,380
1243,18911,380,19158,1414
1244,19158,0,20000,380
1245,14773,3671,15170,4750
1246,14773,4750,15170,5261
1247,15170,3671,15774,4750
1248,13995,9909,14300,10827
1249,13995,10827,14300,11579
1250,14300,9909,15237,10827
1251,9899,2479,10493,2724
1252,9899,2724,10493,3482
1253,10493,2479,11350,2724
1254,0,2581,1324,3814
1255,0,3814,1324,5002
1256,1324,2581,2536,3814
1257,11338,7434,12124,7632
1258,11338,7632,12124,8615
1259,12124,7434,12395,7632
1260,14773,0,16181,1118
1261,14773,1118,16181,2317
1262,16181,0,17311,1118
1263,9899,11455,10492,12201
1264,9899,12201,10492,12471
1265,10492,11455,11377,12201
1266,9899,11288,10689,11937
1267,9899,11937,10689,12583
1268,10689,11288,10949,11937
1269,12604,5146,13670,6142
1270,12604,6142,13670,7904
1271,13670,5146,14800,6142
1272,14773,3841,15058,4577
1273,14773,4577,15058,5261
1274,15058,3841,15886,4577
1275,0,2582,524,3337
1276,0,3337,524,4007
1277,524,2582,1405,3337
1278,9899,3739,10479,4888
1279,9899,4888,10479,5261
1280,10479,3739,11378,4888
1281,9899,5146,11406,6230
1282,9899,6230,11406,7904
1283,11406,5146,12604,6230
1284,14800,1002,15753,1305
1285,14800,1305,15753,2318
1286,15753,1002,16257,1305
1287,15237,9909,16461,10955
1288,15237,10955,16461,12374
1289,16461,9909,17391,10955
1290,9899,8546,10293,9520
1291,9899,9520,10293,9909
1292,10293,8546,11269,9520
1293,12604,5146,13691,6506
1294,12604,6506,13691,7904
1295,13691,5146,14800,6506
1296,11962,0,12661,530
1297,11962,530,12661,1562
1298,12661,0,13258,530
1299,0,2581,847,3533
1300,0,3533,847,3814
1301,847,2581,1324,3533
1302,17800,14737,18110,15169
1303,17800,15169,18110,16042
1304,18110,14737,19085,15169
1305,5210,2624,6349,3906
1306,5210,3906,6349,5002
1307,6349,2624,7885,3906
1308,11962,1445,12814,2392
1309,11962,2392,12814,2767
1310,12814,1445,13324,2392
1311,15237,12117,16292,13702
1312,15237,13702,16292,14737
1313,16292,12117,17847,13702
1314,9899,8782,10799,9734
1315,9899,9734,10799,9909
1316,10799,8782,11334,9734
1317,0,2582,917,3620
1318,0,3620,917,5002
1319,917,2582,2610,3620
1320,9899,0,10870,526
1321,9899,526,10870,1574
1322,10870,0,11185,526
1323,15237,12117,16616,13172
1324,15237,13172,16616,14737
1325,16616,12117,17847,13172
1326,15237,9909,17578,12025
1327,15237,12025,17578,14737
1328,17578,9909,20000,12025
1329,12500,5160,13537,6523
1330,12500,6523,13537,7169
1331,13537,5160,15199,6523
1332,7569,0,8649,1380
1333,7569,1380,8649,2184
1334,8649,0,9899,1380
1335,9899,2334,11066,4091
1336,9899,4091,11066,5146
1337,11066,2334,12550,4091
1338,12397,5971,12861,6947
1339,12397,6947,12861,7455
1340,12861,5971,13513,6947
1341,9899,12471,11143,13440
1342,9899,13440,11143,14737
1343,11143,12471,12284,13440
1344,14773,2317,16426,3436
1345,14773,3436,16426,5261
1346,16426,2317,17311,3436
1347,9899,3482,10518,4090
1348,9899,4090,10518,5160
1349,10518,3482,11350,4090
1350,13258,0,14300,518
1351,13258,518,14300,1562
1352,14300,0,14800,518
1353,17763,9909,18743,11154
1354,17763,11154,18743,12659
1355,18743,9909,20000,11154
1356,14773,4111,15633,4468
1357,14773,4468,15633,5261
1358,15633,4111,15962,4468
1359,14773,1106,15744,1923
1360,14773,1923,15744,2434
1361,15744,1106,16113,1923
1362,18990,14737,19662,15082
1363,18990,15082,19662,16119
1364,19662,14737,20000,15082
1365,16159,12127,16895,12739
1366,16159,12739,16895,13296
1367,16895,12127,17351,12739
1368,0,2581,675,3390
1369,0,3390,675,3814
1370,675,2581,1324,3390
1371,11230,2479,11508,3212
1372,11230,3212,11508,3744
1373,11508,2479,12529,3212
1374,9899,12583,10992,13833
1375,9899,13833,10992,14737
1376,10992,12583,12597,13833
1377,15237,9909,15803,10364
1378,15237,10364,15803,11139
1379,15803,9909,16650,10364
1380,12597,11348,13279,12186
1381,12597,12186,13279,12583
1382,13279,11348,14180,12186
1383,12195,0,13388,1102
1384,12195,1102,13388,2888
1385,13388,0,14800,1102
1386,13258,0,13721,1068
1387,13258,1068,13721,1562
1388,13721,0,14800,1068
1389,9899,2334,10633,2962
1390,9899,2962,10633,4091
1391,10633,2334,11066,2962
1392,15237,9909,16173,10514
1393,15237,10514,16173,11139
1394,16173,9909,16650,10514
1395,9899,14737,11161,15956
1396,9899,15956,11161,17330
1397,11161,14737,12741,15956
1398,9899,0,12586,2704
1399,9899,2704,12586,5146
1400,12586,0,14800,2704
1401,9899,4091,10188,4338
1402,9899,4338,10188,5146
1403,10188,4091,11066,4338
1404,11161,14737,12290,15139
1405,11161,15139,12290,15956
1406,12290,14737,12741,15139
1407,9899,3558,10500,4397
1408,9899,4397,10500,5160
1409,10500,3558,11601,4397
1410,14773,3436,15614,4642
1411,14773,4642,15614,5261
1412,15614,3436,16426,4642
1413,18362,9909,19470,10715
1414,18362,10715,19470,11406
1415,19470,9909,20000,10715
1416,9899,0,11323,1717
1417,9899,1717,11323,2704
1418,11323,0,12586,1717
1419,12741,14737,14090,15660
1420,12741,15660,14090,17330
1421,14090,14737,15237,15660
1422,0,0,880,1299
1423,0,1299,880,2581
1424,880,0,2536,1299
1425,12604,6696,12947,6958
1426,12604,6958,12947,7904
1427,12947,6696,13720,6958
1428,7885,1295,8137,1567
1429,7885,1567,8137,2624
1430,8137,1295,8940,1567
1431,14773,4110,15376,4328
1432,14773,4328,15376,5261
1433,15376,4110,16385,4328
1434,0,0,1017,832
1435,0,832,1017,1389
1436,1017,0,1368,832
1437,14773,2317,15758,2743
1438,14773,2743,15758,3436
1439,15758,2317,16426,2743
1440,9899,7904,10371,8168
1441,9899,8168,10371,9232
1442,10371,7904,11587,8168
1443,18547,9909,19010,10404
1444,18547,10404,19010,11280
1445,19010,9909,20000,10404
1446,12529,1416,13311,1898
1447,12529,1898,13311,2479
1448,13311,1416,13679,1898
1449,12529,1416,13039,1877
1450,12529,1877,13039,2479
1451,13039,1416,13679,1877
1452,14773,0,16101,1223
1453,14773,1223,16101,2252
1454,16101,0,17333,1223
1455,13388,0,13729,500
1456,13388,500,13729,1102
1457,13729,0,14800,500
1458,9899,0,14883,4880
1459,9899,4880,14883,9909
1460,14883,0,20000,4880
1461,18540,14737,19666,15718
1462,18540,15718,19666,16301
1463,19666,14737,20000,15718
1464,12529,1045,12923,2044
1465,12529,2044,12923,2479
1466,12923,1045,14060,2044
1467,11218,3013,12295,3531
1468,11218,3531,12295,4100
1469,12295,3013,12673,3531
1470,17042,0,18910,1448
1471,17042,1448,18910,2434
1472,18910,0,20000,1448
1473,11962,0,12812,1026
1474,11962,1026,12812,1562
1475,12812,0,13258,1026
1476,12477,9909,13160,10944
1477,12477,10944,13160,11333
1478,13160,9909,13740,10944
1479,11962,1736,12861,2257
1480,11962,2257,12861,2767
1481,12861,1736,13706,2257
1482,9899,7434,10578,7926
1483,9899,7926,10578,8546
1484,10578,7434,11269,7926
1485,9899,6885,10781,7770
1486,9899,7770,10781,7904
1487,10781,6885,11526,7770
1488,12529,0,13090,700
1489,12529,700,13090,1045
1490,13090,0,14060,700
1491,18888,9909,19099,10500
1492,18888,10500,19099,11181
1493,19099,9909,20000,10500
1494,15237,14737,16883,15959
1495,15237,15959,16883,17377
1496,16883,14737,17800,15959
1497,9899,5160,10772,6134
1498,9899,6134,10772,7434
1499,10772,5160,12395,6134
1500,17166,0,18704,1156
1501,17166,1156,18704,2318
1502,18704,0,20000,1156
1503,12205,0,13320,1771
1504,12205,1771,13320,2749
1505,13320,0,14773,1771
1506,14773,4111,15182,4467
1507,14773,4467,15182,5261
1508,15182,4111,15962,4467
1509,7569,1182,8048,1541
1510,7569,1541,8048,2184
1511,8048,1182,8733,1541
1512,11324,5261,12242,5932
1513,11324,5932,12242,6312
1514,12242,5261,12476,5932
1515,15237,12127,15576,13173
1516,15237,13173,15576,13751
1517,15576,12127,16317,13173
1518,16307,2317,16664,3318
1519,16307,3318,16664,4108
1520,16664,2317,17311,3318
1521,14800,2318,16167,3705
1522,14800,3705,16167,5146
1523,16167,2318,17166,3705
1524,9899,5146,10634,5791
1525,9899,5791,10634,6243
1526,10634,5146,11529,5791
1527,15237,12659,16226,13881
1528,15237,13881,16226,14737
1529,16226,12659,17763,13881
1530,5210,2624,6825,3680
1531,5210,3680,6825,5002
1532,6825,2624,7885,3680
1533,5210,0,5719,414
1534,5210,414,5719,1013
1535,5719,0,6848,414
1536,14773,2317,15201,2913
1537,14773,2913,15201,4111
1538,15201,2317,15962,2913
1539,15199,2620,15698,3668
1540,15199,3668,15698,4035
1541,15698,2620,16268,3668
1542,7569,0,8761,1435
1543,7569,1435,8761,2184
1544,8761,0,9899,1435
1545,17042,0,18464,972
1546,17042,972,18464,2434
1547,18464,0,20000,972
1548,9899,0,12691,2500
1549,9899,2500,12691,5160
1550,12691,0,15199,2500
1551,18743,9909,19480,10278
1552,18743,10278,19480,11154
1553,19480,9909,20000,10278
1554,9899,12113,11358,13684
1555,9899,13684,11358,14737
1556,11358,12113,12794,13684
1557,9899,3482,10980,4171
1558,9899,4171,10980,5160
1559,10980,3482,11350,4171
1560,12181,0,13122,414
1561,12181,414,13122,1330
1562,13122,0,13844,414
1563,11161,14737,12170,15353
1564,11161,15353,12170,15956
1565,12170,14737,12741,15353
1566,13691,5146,14351,6113
1567,13691,6113,14351,6506
1568,14351,5146,14800,6113
1569,15199,2620,15362,3307
1570,15199,3307,15362,4035
1571,15362,2620,16268,3307
1572,10192,1050,10325,2079
1573,10192,2079,10325,2312
1574,10325,1050,11248,2079
1575,9899,12583,10583,13169
1576,9899,13169,10583,13833
1577,10583,12583,10992,13169
1578,14800,0,16070,1477
1579,14800,1477,16070,2249
1580,16070,0,17413,1477
1581,9899,5261,11492,6723
1582,9899,6723,11492,7418
1583,11492,5261,12350,6723
1584,15237,15947,15967,16670
1585,15237,16670,15967,17377
1586,15967,15947,16736,16670
1587,17800,14737,18171,15475
1588,17800,15475,18171,16119
1589,18171,14737,18990,15475
1590,9899,9909,10024,10254
1591,9899,10254,10024,11288
1592,10024,9909,10949,10254
1593,14773,3671,15045,4356
1594,14773,4356,15045,5261
1595,15045,3671,15774,4356
1596,12195,0,13515,1662
1597,12195,1662,13515,2888
1598,13515,0,14800,1662
1599,9899,1303,10548,1899
1600,9899,1899,10548,2781
1601,10548,1303,11214,1899
1602,5210,0,7846,2531
1603,5210,2531,7846,5002
1604,7846,0,9899,2531
1605,11128,14737,12082,15288
1606,11128,15288,12082,16203
1607,12082,14737,12741,15288
1608,9899,0,11335,1327
1609,9899,1327,11335,2500
1610,11335,0,12691,1327
1611,15237,9909,16639,10917
1612,15237,10917,16639,12374
1613,16639,9909,17391,10917
1614,12477,9909,13784,11022
1615,12477,11022,13784,12239
1616,13784,9909,15237,11022
1617,9899,13548,10396,14386
1618,9899,14386,10396,14737
1619,10396,13548,11607,14386
1620,14773,0,15396,927
1621,14773,927,15396,1223
1622,15396,0,16101,927
1623,18205,0,19302,291
1624,18205,291,19302,1333
1625,19302,0,20000,291
1626,12604,6506,13301,7106
1627,12604,7106,13301,7904
1628,13301,6506,13691,7106
1629,12477,9909,13486,10224
1630,12477,10224,13486,11022
1631,13486,9909,13784,10224
1632,12529,1045,13520,1395
1633,12529,1395,13520,2479
1634,13520,1045,14060,1395
1635,13560,0,14525,1027
1636,13560,1027,14525,1374
1637,14525,0,14800,1027
1638,14800,2318,15749,4082
1639,14800,4082,15749,5146
1640,15749,2318,17166,4082
1641,12477,9909,13171,10276
1642,12477,10276,13171,11333
1643,13171,9909,13740,10276
1644,14773,2317,15376,3094
1645,14773,3094,15376,3616
1646,15376,2317,16111,3094
1647,16111,2317,16937,3226
1648,16111,3226,16937,3616
1649,16937,2317,17311,3226
1650,11128,14737,12198,15771
1651,11128,15771,12198,16203
1652,12198,14737,12741,15771
1653,10365,3461,10711,4319
1654,10365,4319,10711,4709
1655,10711,3461,11613,4319
1656,11133,5261,11850,5870
1657,11133,5870,11850,6534
1658,11850,5261,12476,5870
1659,15886,2252,16543,3016
1660,15886,3016,16543,3841
1661,16543,2252,17333,3016
1662,15237,15959,16164,16774
1663,15237,16774,16164,17377
1664,16164,15959,16883,16774
1665,12529,1045,13089,1617
1666,12529,1617,13089,2479
1667,13089,1045,14060,1617
1668,9899,7296,11566,8915
1669,9899,8915,11566,9909
1670,11566,7296,12476,8915
1671,12673,0,13477,1462
1672,12673,1462,13477,3013
1673,13477,0,14773,1462
1674,18704,0,19255,266
1675,18704,266,19255,1156
1676,19255,0,20000,266
1677,11128,14737,12225,15400
1678,11128,15400,12225,16203
1679,12225,14737,12741,15400
1680,0,2582,919,2984
1681,0,2984,919,4007
1682,919,2582,1405,2984
1683,11188,7296,11980,8131
1684,11188,8131,11980,8336
1685,11980,7296,12476,8131
1686,14773,2317,15712,4162
1687,14773,4162,15712,5261
1688,15712,2317,17311,4162
1689,13720,5146,14016,5803
1690,13720,5803,14016,6696
1691,14016,5146,14800,5803
1692,9899,12471,11246,13946
1693,9899,13946,11246,14737
1694,11246,12471,12284,13946
1695,12673,0,13557,762
1696,12673,762,13557,1537
1697,13557,0,13918,762
1698,9899,7434,10715,7994
1699,9899,7994,10715,8615
1700,10715,7434,11338,7994
1701,18478,0,18890,368
1702,18478,368,18890,1045
1703,18890,0,20000,368
1704,15237,12127,16487,13294
1705,15237,13294,16487,14737
1706,16487,12127,17351,13294
1707,5210,1013,5771,1845
1708,5210,1845,5771,2624
1709,5771,1013,6848,1845
1710,17413,0,18552,966
1711,17413,966,18552,2249
1712,18552,0,20000,966
1713,5210,0,6019,1131
1714,5210,1131,6019,2184
1715,6019,0,7569,1131
1716,12604,5146,12824,5468
1717,12604,5468,12824,6506
1718,12824,5146,13691,5468
1719,14773,2840,15486,3161
1720,14773,3161,15486,4110
1721,15486,2840,15858,3161
1722,5210,2531,6883,4087
1723,5210,4087,6883,5002
1724,6883,2531,7846,4087
1725,14800,0,17538,2898
1726,14800,2898,17538,5146
1727,17538,0,20000,2898
1728,17042,924,17987,1484
1729,17042,1484,17987,2434
1730,17987,924,18410,1484
1731,12691,0,13940,959
1732,12691,959,13940,2500
1733,13940,0,15199,959
1734,18743,9909,19552,10756
1735,18743,10756,19552,11154
1736,19552,9909,20000,10756
1737,9899,1111,10831,2247
1738,9899,2247,10831,3013
1739,10831,1111,11537,2247
1740,6848,0,7678,119
1741,6848,119,7678,1013
1742,7678,0,7885,119
1743,9899,12113,10273,12686
1744,9899,12686,10273,13684
1745,10273,12113,11358,12686
1746,12604,6696,13274,7192
1747,12604,7192,13274,7904
1748,13274,6696,13720,7192
1749,15237,12127,15757,12675
1750,15237,12675,15757,13294
1751,15757,12127,16487,12675
1752,2610,0,3592,1130
1753,2610,1130,3592,2582
1754,3592,0,5210,1130
1755,12397,5160,13698,6418
1756,12397,6418,13698,7455
1757,13698,5160,15199,6418
1758,12368,5261,13366,6340
1759,12368,6340,13366,7272
1760,13366,5261,14773,6340
1761,17166,0,17561,417
1762,17166,417,17561,1156
1763,17561,0,18704,417
1764,6349,2624,6868,2923
1765,6349,2923,6868,3906
1766,6868,2624,7885,2923
1767,9899,12239,10354,12961
1768,9899,12961,10354,13430
1769,10354,12239,11558,12961
1770,18910,0,19316,529
1771,18910,529,19316,1448
1772,19316,0,20000,529
1773,14800,898,15669,1936
1774,14800,1936,15669,2318
1775,15669,898,15937,1936
1776,11354,17330,11705,17637
1777,11354,17637,11705,18603
1778,11705,17330,12741,17637
1779,9899,13440,10411,13787
1780,9899,13787,10411,14737
1781,10411,13440,11143,13787
1782,5210,3680,5876,4537
1783,5210,4537,5876,5002
1784,5876,3680,6825,4537
1785,12604,6506,12877,7299
1786,12604,7299,12877,7904
1787,12877,6506,13691,7299
1788,12157,0,13796,1457
1789,12157,1457,13796,2781
1790,13796,0,14800,1457
1791,9899,2749,10813,3797
1792,9899,3797,10813,5261
1793,10813,2749,12205,3797
1794,12397,5160,12776,5395
1795,12397,5395,12776,6418
1796,12776,5160,13698,5395
1797,5210,1013,6069,1503
1798,5210,1503,6069,2624
1799,6069,1013,6848,1503
1800,15237,13247,16152,13660
1801,15237,13660,16152,14737
1802,16152,13247,16666,13660
1803,9899,0,10663,1063
1804,9899,1063,10663,1327
1805,10663,0,11335,1063
1806,12597,11348,13502,12093
1807,12597,12093,13502,12583
1808,13502,11348,14180,12093
1809,17391,9909,18769,11034
1810,17391,11034,18769,12374
1811,18769,9909,20000,11034
1812,17166,1156,17807,1513
1813,17166,1513,17807,2318
1814,17807,1156,18704,1513
1815,14800,0,16020,1331
1816,14800,1331,16020,2898
1817,16020,0,17538,1331
1818,15237,13702,15919,14282
1819,15237,14282,15919,14737
1820,15919,13702,16292,14282
1821,9899,5261,10697,5506
1822,9899,5506,10697,6534
1823,10697,5261,11133,5506
1824,12741,14737,13676,15213
1825,12741,15213,13676,16299
1826,13676,14737,14316,15213
1827,13771,0,13995,1086
1828,13771,1086,13995,1628
1829,13995,0,14800,1086
1830,14773,0,15813,1469
1831,14773,1469,15813,2317
1832,15813,0,17311,1469
1833,14773,0,15978,1004
1834,14773,1004,15978,2252
1835,15978,0,17333,1004
1836,15978,0,16984,137
1837,15978,137,16984,1004
1838,16984,0,17333,137
1839,7569,0,8151,602
1840,7569,602,8151,1380
1841,8151,0,8649,602
1842,9899,5261,10359,6072
1843,9899,6072,10359,6534
1844,10359,5261,11133,6072
1845,14773,0,15265,898
1846,14773,898,15265,1469
1847,15265,0,15813,898
1848,11161,14737,11942,15496
1849,11161,15496,11942,15956
1850,11942,14737,12741,15496
1851,11066,2334,12159,3120
1852,11066,3120,12159,4091
1853,12159,2334,12550,3120
1854,18723,14737,19155,15179
1855,18723,15179,19155,16046
1856,19155,14737,20000,15179
1857,9899,11455,10893,11641
1858,9899,11641,10893,12471
1859,10893,11455,11377,11641
1860,14773,2252,16370,4050
1861,14773,4050,16370,5261
1862,16370,2252,17333,4050
1863,9899,0,10285,653
1864,9899,653,10285,1717
1865,10285,0,11323,653
1866,9899,18603,10975,19079
1867,9899,19079,10975,20000
1868,10975,18603,11354,19079
1869,14800,2898,15857,4199
1870,14800,4199,15857,5146
1871,15857,2898,17538,4199
1872,17800,17377,18179,17747
1873,17800,17747,18179,18422
1874,18179,17377,19064,17747
1875,14773,3822,15617,4733
1876,14773,4733,15617,5261
1877,15617,3822,15898,4733
1878,9899,0,10342,375
1879,9899,375,10342,1111
1880,10342,0,11537,375
1881,1405,2582,2130,3328
1882,1405,3328,2130,4007
1883,2130,2582,2610,3328
1884,17166,0,17735,860
1885,17166,860,17735,1321
1886,17735,0,18951,860
1887,17351,9909,18939,10866
1888,17351,10866,18939,12127
1889,18939,9909,20000,10866
1890,15237,9909,15989,10571
1891,15237,10571,15989,10955
1892,15989,9909,16461,10571
1893,9899,5160,12595,7221
1894,9899,7221,12595,9909
1895,12595,5160,15199,7221
1896,12284,9909,13397,11043
1897,12284,11043,13397,12471
1898,13397,9909,15237,11043
1899,14773,4108,15647,4853
1900,14773,4853,15647,5261
1901,15647,4108,16307,4853
1902,9899,942,10081,1767
1903,9899,1767,10081,2479
1904,10081,942,10983,1767
1905,12597,9909,13089,10348
1906,12597,10348,13089,11348
1907,13089,9909,14180,10348
1908,9899,7418,11366,8978
1909,9899,8978,11366,9909
1910,11366,7418,12350,8978
1911,11962,1628,12826,2288
1912,11962,2288,12826,2767
1913,12826,1628,13771,2288
1914,9899,5261,10891,5994
1915,9899,5994,10891,7296
1916,10891,5261,12476,5994
1917,0,9909,5331,14737
1918,0,14737,5331,20000
1919,5331,9909,9899,14737
1920,11962,0,12498,1057
1921,11962,1057,12498,1628
1922,12498,0,13771,1057
1923,12350,5261,13522,6412
1924,12350,6412,13522,7418
1925,13522,5261,14773,6412
1926,15199,0,17703,2499
1927,15199,2499,17703,5160
1928,17703,0,20000,2499
1929,9899,9909,11628,11617
1930,9899,11617,11628,12583
1931,11628,9909,12597,11617
1932,9899,1303,10568,2143
1933,9899,2143,10568,2781
1934,10568,1303,11214,2143
1935,9899,3739,10844,4746
1936,9899,4746,10844,5261
1937,10844,3739,11378,4746
1938,17413,0,18701,1389
1939,17413,1389,18701,2249
1940,18701,0,20000,1389
1941,6019,0,6700,469
1942,6019,469,6700,1131
1943,6700,0,7569,469
1944,12397,5160,13417,5575
1945,12397,5575,13417,6418
1946,13417,5160,13698,5575
1947,12157,0,12658,595
1948,12157,595,12658,1205
1949,12658,0,13323,595
1950,12741,15673,13525,16627
1951,12741,16627,13525,17330
1952,13525,15673,13803,16627
1953,18888,9909,19543,10492
1954,18888,10492,19543,11181
1955,19543,9909,20000,10492
1956,18540,14737,19320,15528
1957,18540,15528,19320,16301
1958,19320,14737,20000,15528
1959,9899,0,12313,2772
1960,9899,2772,12313,5261
1961,12313,0,14773,2772
1962,8761,0,9035,1013
1963,8761,1013,9035,1435
1964,9035,0,9899,1013
1965,12673,1537,13665,2647
1966,12673,2647,13665,3013
1967,13665,1537,13918,2647
1968,17351,9909,18377,10906
1969,17351,10906,18377,12127
1970,18377,9909,20000,10906
1971,12157,0,13108,895
1972,12157,895,13108,1374
1973,13108,0,13560,895
1974,2536,0,3936,1250
1975,2536,1250,3936,2581
1976,3936,0,5210,1250
1977,11406,5146,12050,5774
1978,11406,5774,12050,6230
1979,12050,5146,12604,5774
1980,16226,12659,17340,13018
1981,16226,13018,17340,13881
1982,17340,12659,17763,13018
1983,9899,0,11403,1554
1984,9899,1554,11403,2334
1985,11403,0,12550,1554
1986,16616,12117,17085,12999
1987,16616,12999,17085,13172
1988,17085,12117,17847,12999
1989,17413,0,17694,716
1990,17413,716,17694,1389
1991,17694,0,18701,716
1992,9899,5261,12184,7209
1993,9899,7209,12184,9909
1994,12184,5261,14773,7209
1995,14800,2249,15987,4073
1996,14800,4073,15987,5146
1997,15987,2249,17413,4073
1998,0,0,2816,2310
1999,0,2310,2816,5002
2000,2816,0,5210,2310
2001,17042,904,17570,1755
2002,17042,1755,17570,2434
2003,17570,904,18483,1755
2004,12678,5146,13686,6597
2005,12678,6597,13686,7898
2006,13686,5146,14800,6597
2007,6848,0,7523,482
2008,6848,482,7523,1013
2009,7523,0,7885,482
2010,9899,0,12676,2299
2011,9899,2299,12676,4880
2012,12676,0,14883,2299
2013,9899,0,11580,1744
2014,9899,1744,11580,2704
2015,11580,0,12586,1744
2016,5210,1125,6093,2190
2017,5210,2190,6093,2624
2018,6093,1125,6885,2190
2019,9899,1574,10650,2074
2020,9899,2074,10650,2781
2021,10650,1574,11185,2074
2022,17800,14737,18785,15698
2023,17800,15698,18785,16119
2024,18785,14737,18990,15698
2025,9899,13562,11031,14342
2026,9899,14342,11031,14737
2027,11031,13562,11492,14342
2028,9899,4100,10267,4487
2029,9899,4487,10267,5261
2030,10267,4100,11218,4487
2031,9899,0,11347,1607
2032,9899,1607,11347,2722
2033,11347,0,12046,1607
2034,5210,2320,6237,3345
2035,5210,3345,6237,5002
2036,6237,2320,7397,3345
2037,7885,0,8329,473
2038,7885,473,8329,1295
2039,8329,0,8940,473
2040,16736,14737,16997,15309
2041,16736,15309,16997,15947
2042,16997,14737,17800,15309
2043,11188,7296,12194,7638
2044,11188,7638,12194,8336
2045,12194,7296,12476,7638
2046,11962,0,13108,586
2047,11962,586,13108,1628
2048,13108,0,13771,586
2049,9899,5146,10979,5674
2050,9899,5674,10979,6885
2051,10979,5146,11526,5674
2052,5210,0,5792,172
2053,5210,172,5792,1013
2054,5792,0,6848,172
2055,14773,2252,15193,3252
2056,14773,3252,15193,4050
2057,15193,2252,16370,3252
2058,12157,1214,12801,2296
2059,12157,2296,12801,2781
2060,12801,1214,13718,2296
2061,9899,0,10612,619
2062,9899,619,10612,1554
2063,10612,0,11403,619
2064,9899,3013,10590,3688
2065,9899,3688,10590,4100
2066,10590,3013,11218,3688
2067,12604,6506,13291,6848
2068,12604,6848,13291,7904
2069,13291,6506,13691,6848
2070,9899,13684,10638,13943
2071,9899,13943,10638,14737
2072,10638,13684,11358,13943
2073,18872,14737,19606,15582
2074,18872,15582,19606,15890
2075,19606,14737,20000,15582
2076,12741,15673,12944,16810
2077,12741,16810,12944,17330
2078,12944,15673,13803,16810
2079,17847,9909,19208,10762
2080,17847,10762,19208,12117
2081,19208,9909,20000,10762
2082,9899,5261,12682,7575
2083,9899,7575,12682,9909
2084,12682,5261,14773,7575
2085,12395,5160,13081,6015
2086,12395,6015,13081,6666
2087,13081,5160,13571,6015
2088,12195,1102,12980,2377
2089,12195,2377,12980,2888
2090,12980,1102,13388,2377
2091,12205,0,12549,1005
2092,12205,1005,12549,1771
2093,12549,0,13320,1005
2094,5331,9909,7277,12162
2095,5331,12162,7277,14737
2096,7277,9909,9899,12162
2097,9899,7418,10382,7706
2098,9899,7706,10382,8782
2099,10382,7418,11334,7706
2100,11128,14737,12323,15411
2101,11128,15411,12323,16203
2102,12323,14737,12741,15411
2103,12691,0,14115,1385
2104,12691,1385,14115,2500
2105,14115,0,15199,1385
2106,2536,1250,3613,1776
2107,2536,1776,3613,2581
2108,3613,1250,3936,1776
2109,9899,13548,10861,14087
2110,9899,14087,10861,14737
2111,10861,13548,11607,14087
2112,18723,14737,19059,15143
2113,18723,15143,19059,16046
2114,19059,14737,20000,15143
2115,12678,5146,13788,6894
2116,12678,6894,13788,7898
2117,13788,5146,14800,6894
2118,12476,5261,13301,6175
2119,12476,6175,13301,7296
2120,13301,5261,14773,6175
2121,5210,0,6263,1210
2122,5210,1210,6263,2184
2123,6263,0,7569,1210
2124,18990,14737,19612,15437
2125,18990,15437,19612,16119
2126,19612,14737,20000,15437
2127,7569,0,8866,929
2128,7569,929,8866,2184
2129,8866,0,9899,929
2130,12498,0,13394,334
2131,12498,334,13394,1057
2132,13394,0,13771,334
2133,9899,0,10815,1200
2134,9899,1200,10815,2749
2135,10815,0,12205,1200
2136,18547,9909,19499,10852
2137,18547,10852,19499,11280
2138,19499,9909,20000,10852
2139,12678,6597,13042,7491
2140,12678,7491,13042,7898
2141,13042,6597,13686,7491
2142,5210,2531,6867,4146
2143,5210,4146,6867,5002
2144,6867,2531,7846,4146
2145,12313,0,13429,1310
2146,12313,1310,13429,2772
2147,13429,0,14773,1310
2148,9899,9909,10388,10507
2149,9899,10507,10388,10972
2150,10388,9909,11555,10507
2151,12794,9909,13773,10981
2152,12794,10981,13773,12113
2153,13773,9909,15237,10981
2154,12157,0,12837,844
2155,12157,844,12837,1374
2156,12837,0,13560,844
2157,14233,14737,15029,15362
2158,14233,15362,15029,15782
2159,15029,14737,15237,15362
2160,16307,2317,17112,3481
2161,16307,3481,17112,4108
2162,17112,2317,17311,3481
2163,9899,7169,10874,8437
2164,9899,8437,10874,9909
2165,10874,7169,12500,8437
2166,9899,16203,10653,16860
2167,9899,16860,10653,17330
2168,10653,16203,11128,16860
2169,9899,2749,10658,3763
2170,9899,3763,10658,5261
2171,10658,2749,12205,3763
2172,1236,2816,1660,3106
2173,1236,3106,1660,4158
2174,1660,2816,2607,3106
2175,15237,9909,16464,11504
2176,15237,11504,16464,12374
2177,16464,9909,17391,11504
2178,14800,0,15801,516
2179,14800,516,15801,1002
2180,15801,0,16257,516
2181,8761,0,9464,572
2182,8761,572,9464,1435
2183,9464,0,9899,572
2184,15199,0,17524,2443
2185,15199,2443,17524,5160
2186,17524,0,20000,2443
2187,12673,0,13374,1276
2188,12673,1276,13374,3013
2189,13374,0,14773,1276
2190,15237,12117,15880,12611
2191,15237,12611,15880,13433
2192,15880,12117,16747,12611
2193,9899,0,10663,1147
2194,9899,1147,10663,2789
2195,10663,0,12181,1147
2196,13571,5160,14687,5783
2197,13571,5783,14687,6666
2198,14687,5160,15199,5783
2199,9899,9909,10548,10637
2200,9899,10637,10548,11354
2201,10548,9909,10942,10637
2202,14233,14737,14487,15475
2203,14233,15475,14487,15782
2204,14487,14737,15237,15475
2205,11334,7418,12105,8378
2206,11334,8378,12105,8782
2207,12105,7418,12350,8378
2208,5210,2531,5751,3072
2209,5210,3072,5751,4146
2210,5751,2531,6867,3072
2211,2536,0,3553,501
2212,2536,501,3553,1250
2213,3553,0,3936,501
2214,9899,3558,10368,3978
2215,9899,3978,10368,5160
2216,10368,3558,11601,3978
2217,15774,2252,16188,3277
2218,15774,3277,16188,3671
2219,16188,2252,17333,3277
2220,11406,5146,12336,5982
2221,11406,5982,12336,6230
2222,12336,5146,12604,5982
2223,9899,5160,11261,5989
2224,9899,5989,11261,7221
2225,11261,5160,12595,5989
2226,9899,7221,11638,8712
2227,9899,8712,11638,9909
2228,11638,7221,12595,8712
2229,9899,2789,10989,4291
2230,9899,4291,10989,5261
2231,10989,2789,12181,4291
2232,11555,9909,12140,10305
2233,11555,10305,12140,10972
2234,12140,9909,12597,10305
2235,0,0,1199,1073
2236,0,1073,1199,2816
2237,1199,0,2607,1073
2238,15237,9909,16365,11183
2239,15237,11183,16365,12622
2240,16365,9909,17267,11183
2241,5210,0,6018,576
2242,5210,576,6018,1125
2243,6018,0,6885,576
2244,12741,15673,13227,16312
2245,12741,16312,13227,17330
2246,13227,15673,13803,16312
2247,11230,2479,11850,2746
2248,11230,2746,11850,3744
2249,11850,2479,12529,2746
2250,2607,0,3876,1534
2251,2607,1534,3876,2816
2252,3876,0,5210,1534
2253,12529,970,13336,1518
2254,12529,1518,13336,2479
2255,13336,970,14218,1518
2256,15237,9909,15979,10403
2257,15237,10403,15979,11139
2258,15979,9909,16650,10403
2259,12477,9909,13234,10229
2260,12477,10229,13234,11022
2261,13234,9909,13784,10229
2262,13995,9909,14940,10902
2263,13995,10902,14940,11579
2264,14940,9909,15237,10902
2265,12284,9909,13460,11347
2266,12284,11347,13460,12471
2267,13460,9909,15237,11347
2268,9899,15956,10238,16867
2269,9899,16867,10238,17330
2270,10238,15956,11161,16867
2271,16226,12659,17039,13482
2272,16226,13482,17039,13881
2273,17039,12659,17763,13482
2274,15237,9909,16234,10396
2275,15237,10396,16234,10955
2276,16234,9909,16461,10396
2277,15237,12117,16381,13272
2278,15237,13272,16381,14737
2279,16381,12117,17847,13272
2280,12673,0,13327,868
2281,12673,868,13327,1537
2282,13327,0,13918,868
2283,15237,9909,16174,10650
2284,15237,10650,16174,10955
2285,16174,9909,16461,10650
2286,5210,0,5778,447
2287,5210,447,5778,1210
2288,5778,0,6263,447
2289,11962,0,13009,984
2290,11962,984,13009,1736
2291,13009,0,13706,984
2292,17800,14737,18778,15657
2293,17800,15657,18778,17377
2294,18778,14737,20000,15657
2295,0,0,1233,1380
2296,0,1380,1233,2581
2297,1233,0,2536,1380
2298,16190,2620,17026,3834
2299,16190,3834,17026,4290
2300,17026,2620,17228,3834
2301,2607,0,4141,1774
2302,2607,1774,4141,2816
2303,4141,0,5210,1774
2304,9899,1327,10526,1626
2305,9899,1626,10526,2500
2306,10526,1327,11335,1626
2307,12313,1310,12664,2114
2308,12313,2114,12664,2772
2309,12664,1310,13429,2114
2310,12157,0,13209,1054
2311,12157,1054,13209,2781
2312,13209,0,14800,1054
2313,15237,12127,15925,12735
2314,15237,12735,15925,13247
2315,15925,12127,16666,12735
2316,15237,12127,15640,13004
2317,15237,13004,15640,13751
2318,15640,12127,16317,13004
2319,5210,0,6151,1179
2320,5210,1179,6151,2320
2321,6151,0,7397,1179
2322,0,1380,432,2201
2323,0,2201,432,2581
2324,432,1380,1233,2201
2325,8761,0,9652,868
2326,8761,868,9652,1435
2327,9652,0,9899,868
2328,9899,8782,10510,9720
2329,9899,9720,10510,9909
2330,10510,8782,11334,9720
2331,0,1174,845,1766
2332,0,1766,845,2582
2333,845,1174,1667,1766
2334,9899,5160,11165,6024
2335,9899,6024,11165,7455
2336,11165,5160,12397,6024
2337,5210,0,5448,231
2338,5210,231,5448,1210
2339,5448,0,6263,231
2340,11354,17330,11801,18032
2341,11354,18032,11801,18603
2342,11801,17330,12741,18032
2343,13397,9909,14647,10493
2344,13397,10493,14647,11043
2345,14647,9909,15237,10493
2346,16632,9909,17368,10409
2347,16632,10409,17368,11035
2348,17368,9909,17847,10409
2349,9899,942,10732,1786
2350,9899,1786,10732,2479
2351,10732,942,10983,1786
2352,5210,0,6415,1206
2353,5210,1206,6415,2320
2354,6415,0,7397,1206
2355,14773,2317,15697,2999
2356,14773,2999,15697,3616
2357,15697,2317,16111,2999
2358,9899,0,10995,1438
2359,9899,1438,10995,2479
2360,10995,0,12529,1438
2361,17800,14737,18276,15273
2362,17800,15273,18276,16119
2363,18276,14737,18990,15273
2364,10546,2767,11089,3530
2365,10546,3530,11089,3976
2366,11089,2767,11962,3530
2367,18872,14737,19529,15668
2368,18872,15668,19529,15890
2369,19529,14737,20000,15668
2370,12157,0,13359,1727
2371,12157,1727,13359,2781
2372,13359,0,14800,1727
2373,9899,9909,10518,10783
2374,9899,10783,10518,11037
2375,10518,9909,11065,10783
2376,14773,2317,15398,2895
2377,14773,2895,15398,3822
2378,15398,2317,15898,2895
2379,17042,0,17228,600
2380,17042,600,17228,1333
2381,17228,0,18205,600
2382,17800,17377,18261,18132
2383,17800,18132,18261,18422
2384,18261,17377,19064,18132
2385,12313,1310,12972,1851
2386,12313,1851,12972,2772
2387,12972,1310,13429,1851
2388,15962,2317,16775,3446
2389,15962,3446,16775,4111
2390,16775,2317,17311,3446
2391,9899,0,10824,1410
2392,9899,1410,10824,2722
2393,10824,0,12046,1410
2394,9899,5146,11001,5885
2395,9899,5885,11001,6243
2396,11001,5146,11529,5885
2397,9899,2888,11237,4311
2398,9899,4311,11237,5146
2399,11237,2888,12195,4311
2400,17166,0,17801,716
2401,17166,716,17801,1321
2402,17801,0,18951,716
2403,13763,0,14632,1072
2404,13763,1072,14632,1391
2405,14632,0,15199,1072
2406,9899,0,10750,1288
2407,9899,1288,10750,2767
2408,10750,0,11962,1288
2409,13148,15782,14060,16180
2410,13148,16180,14060,16877
2411,14060,15782,14233,16180
2412,5210,0,5857,713
2413,5210,713,5857,1206
2414,5857,0,6415,713
2415,10995,0,11585,1055
2416,10995,1055,11585,1438
2417,11585,0,12529,1055
2418,11335,0,12012,398
2419,11335,398,12012,1327
2420,12012,0,12691,398
2421,17042,972,17814,1613
2422,17042,1613,17814,2434
2423,17814,972,18464,1613
2424,13784,9909,14480,10468
2425,13784,10468,14480,11022
2426,14480,9909,15237,10468
2427,5210,0,7694,2786
2428,5210,2786,7694,5002
2429,7694,0,9899,2786
2430,12195,1102,12777,2201
2431,12195,2201,12777,2888
2432,12777,1102,13388,2201
2433,9899,2767,11232,3933
2434,9899,3933,11232,5146
2435,11232,2767,11962,3933
2436,18362,9909,19152,10559
2437,18362,10559,19152,11406
2438,19152,9909,20000,10559
2439,5210,2531,6427,3131
2440,5210,3131,6427,4087
2441,6427,2531,6883,3131
2442,5210,2786,6406,4054
2443,5210,4054,6406,5002
2444,6406,2786,7694,4054
2445,7397,0,8471,1063
2446,7397,1063,8471,2320
2447,8471,0,9899,1063
2448,15237,9909,16523,10975
2449,15237,10975,16523,12127
2450,16523,9909,17351,10975
2451,12313,0,12513,303
2452,12313,303,12513,1310
2453,12513,0,13429,303
2454,15237,14737,16104,15338
2455,15237,15338,16104,16356
2456,16104,14737,16315,15338
2457,15898,2317,16251,3301
2458,15898,3301,16251,3822
2459,16251,2317,17311,3301
2460,9899,1779,10269,2511
2461,9899,2511,10269,2781
2462,10269,1779,11169,2511
2463,9899,5160,10941,6015
2464,9899,6015,10941,7221
2465,10941,5160,12595,6015
2466,5210,0,6537,1275
2467,5210,1275,6537,2320
2468,6537,0,7397,1275
2469,9899,6024,10654,6646
2470,9899,6646,10654,7455
2471,10654,6024,11165,6646
2472,14773,4111,15563,4594
2473,14773,4594,15563,5261
2474,15563,4111,15962,4594
2475,9899,5261,11366,6321
2476,9899,6321,11366,7418
2477,11366,5261,12350,6321
2478,15199,0,16554,1585
2479,15199,1585,16554,2499
2480,16554,0,17703,1585
2481,13477,0,13860,423
2482,13477,423,13860,1462
2483,13860,0,14773,423
2484,15199,0,16515,908
2485,15199,908,16515,2443
2486,16515,0,17524,908
2487,12184,5261,13375,6315
2488,12184,6315,13375,7209
2489,13375,5261,14773,6315
2490,14773,2317,15303,3265
2491,14773,3265,15303,4108
2492,15303,2317,16307,3265
2493,9899,13684,10509,14142
2494,9899,14142,10509,14737
2495,10509,13684,11358,14142
2496,6019,0,7007,557
2497,6019,557,7007,1131
2498,7007,0,7569,557
2499,9899,2479,10797,2801
2500,9899,2801,10797,3558
2501,10797,2479,11601,2801
2502,16747,12117,17147,12809
2503,16747,12809,17147,13433
2504,17147,12117,17847,12809
2505,15237,9909,16081,10467
2506,15237,10467,16081,10975
2507,16081,9909,16523,10467
2508,9899,7221,11171,8671
2509,9899,8671,11171,9909
2510,11171,7221,12595,8671
2511,9899,0,12285,2502
2512,9899,2502,12285,4880
2513,12285,0,14883,2502
2514,5331,9909,5918,10803
2515,5331,10803,5918,12162
2516,5918,9909,7277,10803
2517,8761,0,9098,556
2518,8761,556,9098,1435
2519,9098,0,9899,556
2520,9899,12239,11031,13152
2521,9899,13152,11031,14737
2522,11031,12239,12477,13152
2523,9899,16164,10964,16803
2524,9899,16803,10964,17330
2525,10964,16164,11696,16803
2526,9899,14737,10695,15585
2527,9899,15585,10695,15956
2528,10695,14737,11161,15585
2529,9899,2479,10891,2753
2530,9899,2753,10891,3482
2531,10891,2479,11350,2753
2532,16292,12117,16977,13135
2533,16292,13135,16977,13702
2534,16977,12117,17847,13135
2535,15237,12025,16663,13014
2536,15237,13014,16663,14737
2537,16663,12025,17578,13014
2538,17351,9909,18554,11061
2539,17351,11061,18554,12127
2540,18554,9909,20000,11061
2541,14773,2317,15583,3566
2542,14773,3566,15583,4110
2543,15583,2317,16385,3566
2544,12476,5261,13828,6043
2545,12476,6043,13828,7296
2546,13828,5261,14773,6043
2547,0,2581,1329,3691
2548,0,3691,1329,5002
2549,1329,2581,2536,3691
2550,12395,6006,13008,6770
2551,12395,6770,13008,7434
2552,13008,6006,13802,6770
2553,17042,972,17653,1679
2554,17042,1679,17653,2434
2555,17653,972,18464,1679
2556,9899,0,11152,1116
2557,9899,1116,11152,2334
2558,11152,0,12550,1116
2559,0,0,551,534
2560,0,534,551,1389
2561,551,0,1368,534
2562,11537,0,12459,329
2563,11537,329,12459,1111
2564,12459,0,12673,329
2565,9899,5261,11396,5862
2566,9899,5862,11396,7209
2567,11396,5261,12184,5862
2568,14773,0,15696,1068
2569,14773,1068,15696,2252
2570,15696,0,17333,1068
2571,9899,0,10510,1061
2572,9899,1061,10510,1744
2573,10510,0,11580,1061
2574,13771,0,14284,835
2575,13771,835,14284,1628
2576,14284,0,14800,835
2577,9899,1050,10216,1821
2578,9899,1821,10216,2789
2579,10216,1050,11248,1821
2580,5331,9909,6440,11069
2581,5331,11069,6440,12162
2582,6440,9909,7277,11069
2583,9899,3013,11006,4308
2584,9899,4308,11006,5261
2585,11006,3013,12673,4308
2586,9899,5261,10728,5906
2587,9899,5906,10728,6534
2588,10728,5261,11133,5906
2589,5210,2320,6063,3444
2590,5210,3444,6063,5002
2591,6063,2320,7397,3444
2592,7569,0,8966,1413
2593,7569,1413,8966,2184
2594,8966,0,9899,1413
2595,11334,7418,11574,7962
2596,11334,7962,11574,8782
2597,11574,7418,12350,7962
2598,9899,2888,10700,4319
2599,9899,4319,10700,5146
2600,10700,2888,12195,4319
2601,17413,0,18770,1523
2602,17413,1523,18770,2249
2603,18770,0,20000,1523
2604,17311,0,17571,521
2605,17311,521,17571,1045
2606,17571,0,18478,521
2607,12195,0,13061,895
2608,12195,895,13061,1102
2609,13061,0,13388,895
2610,1324,2581,1728,3404
2611,1324,3404,1728,3814
2612,1728,2581,2536,3404
2613,9899,5261,11172,6055
2614,9899,6055,11172,7296
2615,11172,5261,12476,6055
2616,12529,1416,12945,2325
2617,12529,2325,12945,2479
2618,12945,1416,13679,2325
2619,9899,1303,10778,2090
2620,9899,2090,10778,2781
2621,10778,1303,11214,2090
2622,11529,5146,11888,5617
2623,11529,5617,11888,6243
2624,11888,5146,12604,5617
2625,3876,0,4761,1143
2626,3876,1143,4761,1534
2627,4761,0,5210,1143
2628,2536,0,3188,425
2629,2536,425,3188,1250
2630,3188,0,3936,425
2631,9899,5160,12686,7855
2632,9899,7855,12686,9909
2633,12686,5160,15199,7855
2634,9899,8782,10318,9695
2635,9899,9695,10318,9909
2636,10318,8782,11334,9695
2637,0,0,1674,1090
2638,0,1090,1674,2310
2639,1674,0,2816,1090
2640,1405,2582,1909,3364
2641,1405,3364,1909,4007
2642,1909,2582,2610,3364
2643,12284,9909,12845,10425
2644,12284,10425,12845,11579
2645,12845,9909,13995,10425
2646,14773,2252,14994,2688
2647,14773,2688,14994,3841
2648,14994,2252,15886,2688
2649,13429,0,13730,672
2650,13429,672,13730,1310
2651,13730,0,14773,672
2652,13679,0,14638,786
2653,13679,786,14638,1416
2654,14638,0,15199,786
2655,9899,0,10358,650
2656,9899,650,10358,1303
2657,10358,0,11214,650
2658,0,0,1429,1384
2659,0,1384,1429,2816
2660,1429,0,2607,1384
2661,12678,6597,13521,6992
2662,12678,6992,13521,7898
2663,13521,6597,13686,6992
2664,5331,9909,6451,11142
2665,5331,11142,6451,12162
2666,6451,9909,7277,11142
2667,15237,11183,15634,12192
2668,15237,12192,15634,12622
2669,15634,11183,16365,12192
2670,14773,0,17424,2329
2671,14773,2329,17424,5261
2672,17424,0,20000,2329
2673,12195,0,13209,1242
2674,12195,1242,13209,2888
2675,13209,0,14800,1242
2676,12678,5146,13545,5821
2677,12678,5821,13545,6597
2678,13545,5146,13686,5821
2679,13324,0,14460,705
2680,13324,705,14460,1445
2681,14460,0,14800,705
2682,11962,1562,12406,1949
2683,11962,1949,12406,2767
2684,12406,1562,13258,1949
2685,17042,0,17272,1046
2686,17042,1046,17272,1333
2687,17272,0,18205,1046
2688,15237,15947,16135,16852
2689,15237,16852,16135,17377
2690,16135,15947,16736,16852
2691,9899,0,10849,666
2692,9899,666,10849,1744
2693,10849,0,11580,666
2694,15237,14737,16887,15907
2695,15237,15907,16887,17377
2696,16887,14737,17800,15907
2697,13886,14737,14328,15183
2698,13886,15183,14328,16430
2699,14328,14737,15237,15183
2700,5210,0,5986,211
2701,5210,211,5986,1125
2702,5986,0,6885,211
2703,14773,0,16162,1557
2704,14773,1557,16162,2329
2705,16162,0,17424,1557
2706,13522,5261,14470,5500
2707,13522,5500,14470,6412
2708,14470,5261,14773,5500
2709,13148,15782,13538,16666
2710,13148,16666,13538,16877
2711,13538,15782,14233,16666
2712,17800,14737,18044,15599
2713,17800,15599,18044,16119
2714,18044,14737,18990,15599
2715,17800,14737,18768,16302
2716,17800,16302,18768,17377
2717,18768,14737,20000,16302
2718,17042,924,17675,1934
2719,17042,1934,17675,2434
2720,17675,924,18410,1934
2721,9899,14737,11246,16310
2722,9899,16310,11246,17330
2723,11246,14737,12741,16310
2724,16292,12117,16972,13242
2725,16292,13242,16972,13702
2726,16972,12117,17847,13242
2727,14773,3671,15003,4201
2728,14773,4201,15003,5261
2729,15003,3671,15774,4201
2730,0,0,751,464
2731,0,464,751,1073
2732,751,0,1199,464
2733,15237,12117,16751,13227
2734,15237,13227,16751,14737
2735,16751,12117,17847,13227
2736,15774,2252,16624,2861
2737,15774,2861,16624,3671
2738,16624,2252,17333,2861
2739,14800,0,16227,1251
2740,14800,1251,16227,2249
2741,16227,0,17413,1251
2742,17763,9909,18636,11205
2743,17763,11205,18636,12659
2744,18636,9909,20000,11205
2745,12350,6412,13066,7118
2746,12350,7118,13066,7418
2747,13066,6412,13522,7118
2748,15237,12127,15627,12567
2749,15237,12567,15627,13294
2750,15627,12127,16487,12567
2751,16317,12127,16922,12903
2752,16317,12903,16922,13751
2753,16922,12127,17351,12903
2754,9899,14737,10426,15581
2755,9899,15581,10426,16310
2756,10426,14737,11246,15581
2757,12350,5261,13514,6500
2758,12350,6500,13514,7418
2759,13514,5261,14773,6500
2760,9899,5261,11248,6030
2761,9899,6030,11248,7296
2762,11248,5261,12476,6030
2763,10750,0,11150,351
2764,10750,351,11150,1288
2765,11150,0,11962,351
2766,9899,0,11516,1722
2767,9899,1722,11516,2704
2768,11516,0,12586,1722
2769,5210,0,6209,601
2770,5210,601,6209,1206
2771,6209,0,6415,601
2772,14773,2317,15333,2896
2773,14773,2896,15333,4110
2774,15333,2317,16385,2896
2775,12157,0,12862,623
2776,12157,623,12862,1457
2777,12862,0,13796,623
2778,5210,3345,5690,4436
2779,5210,4436,5690,5002
2780,5690,3345,6237,4436
2781,9899,9909,12378,12008
2782,9899,12008,12378,14737
2783,12378,9909,15237,12008
2784,11962,1736,13044,1853
2785,11962,1853,13044,2767
2786,13044,1736,13706,1853
2787,13388,0,14016,242
2788,13388,242,14016,1102
2789,14016,0,14800,242
2790,16554,0,17258,406
2791,16554,406,17258,1585
2792,17258,0,17703,406
2793,16111,2317,16358,2928
2794,16111,2928,16358,3616
2795,16358,2317,17311,2928
2796,11128,14737,11726,15817
2797,11128,15817,11726,16203
2798,11726,14737,12741,15817
2799,9899,0,11242,1418
2800,9899,1418,11242,3013
2801,11242,0,12673,1418
2802,7846,0,8814,1126
2803,7846,1126,8814,2531
2804,8814,0,9899,1126
2805,9899,9909,11086,10095
2806,9899,10095,11086,10972
2807,11086,9909,11555,10095
2808,12604,6696,12844,7085
2809,12604,7085,12844,7904
2810,12844,6696,13720,7085
2811,12595,5160,13969,6160
2812,12595,6160,13969,7221
2813,13969,5160,15199,6160
2814,14773,2317,15185,3144
2815,14773,3144,15185,4108
2816,15185,2317,16307,3144
2817,9899,1438,10399,1963
2818,9899,1963,10399,2479
2819,10399,1438,10995,1963
2820,10995,0,11484,850
2821,10995,850,11484,1438
2822,11484,0,12529,850
2823,3592,0,4755,675
2824,3592,675,4755,1130
2825,4755,0,5210,675
2826,2607,0,4261,1180
2827,2607,1180,4261,2816
2828,4261,0,5210,1180
2829,9899,0,11190,1453
2830,9899,1453,11190,2888
2831,11190,0,12195,1453
2832,9899,5261,10391,5548
2833,9899,5548,10391,6321
2834,10391,5261,11366,5548
2835,9899,0,10474,359
2836,9899,359,10474,1453
2837,10474,0,11190,359
2838,17042,904,17710,1585
2839,17042,1585,17710,2434
2840,17710,904,18483,1585
2841,10829,7169,11472,8049
2842,10829,8049,11472,8407
2843,11472,7169,12500,8049
2844,15237,12117,15825,12827
2845,15237,12827,15825,13272
2846,15825,12117,16381,12827
2847,7885,0,8638,612
2848,7885,612,8638,1295
2849,8638,0,8940,612
2850,11526,5146,11792,5711
2851,11526,5711,11792,6885
2852,11792,5146,12604,5711
2853,15237,13247,16301,13759
2854,15237,13759,16301,14737
2855,16301,13247,16666,13759
2856,18872,14737,19664,15482
2857,18872,15482,19664,15890
2858,19664,14737,20000,15482
2859,10546,2767,11271,3668
2860,10546,3668,11271,3976
2861,11271,2767,11962,3668
2862,17424,0,18473,1513
2863,17424,1513,18473,2329
2864,18473,0,20000,1513
2865,13258,518,13660,850
2866,13258,850,13660,1562
2867,13660,518,14300,850
2868,12313,1310,12814,1656
2869,12313,1656,12814,2772
2870,12814,1310,13429,1656
2871,12597,11348,13265,12013
2872,12597,12013,13265,12583
2873,13265,11348,14180,12013
2874,11188,7296,11705,8119
2875,11188,8119,11705,8336
2876,11705,7296,12476,8119
2877,7885,0,9250,972
2878,7885,972,9250,2624
2879,9250,0,9899,972
2880,9899,0,10827,483
2881,9899,483,10827,1607
2882,10827,0,11347,483
2883,9899,7455,11066,8742
2884,9899,8742,11066,9909
2885,11066,7455,12397,8742
2886,10829,7169,11946,7911
2887,10829,7911,11946,8407
2888,11946,7169,12500,7911
2889,15237,12117,16372,13088
2890,15237,13088,16372,13433
2891,16372,12117,16747,13088
2892,9899,5160,11563,6391
2893,9899,6391,11563,7221
2894,11563,5160,12595,6391
2895,12395,5160,13179,6287
2896,12395,6287,13179,6666
2897,13179,5160,13571,6287
2898,2607,1534,3185,2304
2899,2607,2304,3185,2816
2900,3185,1534,3876,2304
2901,15962,2317,16606,3319
2902,15962,3319,16606,4111
2903,16606,2317,17311,3319
2904,14800,1002,15672,1788
2905,14800,1788,15672,2318
2906,15672,1002,16257,1788
2907,14800,2249,15546,2968
2908,14800,2968,15546,4073
2909,15546,2249,15987,2968
2910,12676,0,13579,1084
2911,12676,1084,13579,2299
2912,13579,0,14883,1084
2913,15237,15959,15810,16546
2914,15237,16546,15810,17377
2915,15810,15959,16883,16546
2916,1233,0,1754,1005
2917,1233,1005,1754,1380
2918,1754,0,2536,1005
2919,9899,12239,10995,13269
2920,9899,13269,10995,14737
2921,10995,12239,12477,13269
2922,7569,0,8557,670
2923,7569,670,8557,1413
2924,8557,0,8966,670
2925,16226,12659,16876,13062
2926,16226,13062,16876,13881
2927,16876,12659,17763,13062
2928,9899,2749,11298,3749
2929,9899,3749,11298,5261
2930,11298,2749,12205,3749
2931,15237,13702,15543,13831
2932,15237,13831,15543,14737
2933,15543,13702,16292,13831
2934,16159,12127,16506,12608
2935,16159,12608,16506,13296
2936,16506,12127,17351,12608
2937,5210,2624,5824,3197
2938,5210,3197,5824,3906
2939,5824,2624,6349,3197
2940,12597,9909,12988,10853
2941,12597,10853,12988,11237
2942,12988,9909,13612,10853
2943,11242,0,11768,552
2944,11242,552,11768,1418
2945,11768,0,12673,552
2946,13324,0,14174,432
2947,13324,432,14174,1445
2948,14174,0,14800,432
2949,9899,1050,10234,2314
2950,9899,2314,10234,2789
2951,10234,1050,11248,2314
2952,9899,0,11236,1456
2953,9899,1456,11236,2334
2954,11236,0,12550,1456
2955,14773,0,16211,1029
2956,14773,1029,16211,2317
2957,16211,0,17311,1029
2958,15712,2317,16326,3396
2959,15712,3396,16326,4162
2960,16326,2317,17311,3396
2961,3592,0,4385,744
2962,3592,744,4385,1130
2963,4385,0,5210,744
2964,18888,9909,19844,10633
2965,18888,10633,19844,11181
2966,19844,9909,20000,10633
2967,14773,3436,15557,4669
2968,14773,4669,15557,5261
2969,15557,3436,16426,4669
2970,5210,2531,6281,4050
2971,5210,4050,6281,5002
2972,6281,2531,7846,4050
2973,15237,13247,15569,14139
2974,15237,14139,15569,14737
2975,15569,13247,16666,14139
2976,9899,7221,10908,8122
2977,9899,8122,10908,8712
2978,10908,7221,11638,8122
2979,15237,18808,16045,19422
2980,15237,19422,16045,20000
2981,16045,18808,16913,19422
2982,9899,8782,10704,9138
2983,9899,9138,10704,9909
2984,10704,8782,11334,9138
2985,9899,6243,10492,7293
2986,9899,7293,10492,7904
2987,10492,6243,11529,7293
2988,9899,5261,11237,6568
2989,9899,6568,11237,7575
2990,11237,5261,12682,6568
2991,15237,12117,16144,12353
2992,15237,12353,16144,13227
2993,16144,12117,16751,12353
2994,12529,1045,12976,1960
2995,12529,1960,12976,2479
2996,12976,1045,14060,1960
2997,9899,9909,11255,11471
2998,9899,11471,11255,12239
2999,11255,9909,12477,11471
3000,0,0,1667,1591
3001,0,1591,1667,2582
3002,1667,0,2610,1591
3003,9899,8615,10564,9269
3004,9899,9269,10564,9909
3005,10564,8615,11338,9269
3006,15237,9909,15473,10474
3007,15237,10474,15473,11183
3008,15473,9909,16365,10474
3009,2607,0,3487,935
3010,2607,935,3487,1534
3011,3487,0,3876,935
3012,9899,943,10638,1348
3013,9899,1348,10638,2479
3014,10638,943,11189,1348
3015,7569,0,8556,714
3016,7569,714,8556,2184
3017,8556,0,9899,714
3018,12691,0,14188,1166
3019,12691,1166,14188,2500
3020,14188,0,15199,1166
3021,15696,0,16279,791
3022,15696,791,16279,1068
3023,16279,0,17333,791
3024,9899,8707,10314,9657
3025,9899,9657,10314,9909
3026,10314,8707,11086,9657
3027,13571,5160,14349,6217
3028,13571,6217,14349,6666
3029,14349,5160,15199,6217
3030,11962,0,12843,1261
3031,11962,1261,12843,1736
3032,12843,0,13706,1261
3033,9899,9909,11263,11365
3034,9899,11365,11263,12113
3035,11263,9909,12794,11365
3036,14773,0,15371,748
3037,14773,748,15371,1557
3038,15371,0,16162,748
3039,12586,0,13313,1038
3040,12586,1038,13313,2704
3041,13313,0,14800,1038
3042,12397,5160,13890,6141
3043,12397,6141,13890,7455
3044,13890,5160,15199,6141
3045,17166,1156,17987,1893
3046,17166,1893,17987,2318
3047,17987,1156,18704,1893
3048,10995,12239,11884,12885
3049,10995,12885,11884,13269
3050,11884,12239,12477,12885
3051,9899,7418,11014,8260
3052,9899,8260,11014,8782
3053,11014,7418,11334,8260
3054,15857,2898,16732,3397
3055,15857,3397,16732,4199
3056,16732,2898,17538,3397
3057,9899,12239,11177,13365
3058,9899,13365,11177,14737
3059,11177,12239,12477,13365
3060,14773,2317,15780,2597
3061,14773,2597,15780,3436
3062,15780,2317,16426,2597
3063,15237,15959,16206,16334
3064,15237,16334,16206,17377
3065,16206,15959,16883,16334
3066,15237,9909,15548,10568
3067,15237,10568,15548,10975
3068,15548,9909,16523,10568
3069,11962,1736,12544,2342
3070,11962,2342,12544,2767
3071,12544,1736,13706,2342
3072,9899,7418,10802,8079
3073,9899,8079,10802,8978
3074,10802,7418,11366,8079
3075,2607,1534,3128,2329
3076,2607,2329,3128,2816
3077,3128,1534,3876,2329
3078,14800,2898,15605,3562
3079,14800,3562,15605,4199
3080,15605,2898,15857,3562
3081,17166,0,17855,1004
3082,17166,1004,17855,1414
3083,17855,0,18911,1004
3084,13740,9909,14396,10708
3085,13740,10708,14396,11333
3086,14396,9909,15237,10708
3087,18362,10367,18748,10793
3088,18362,10793,18748,11406
3089,18748,10367,19367,10793
3090,9899,9909,10613,10793
3091,9899,10793,10613,11288
3092,10613,9909,10949,10793
3093,12284,9909,12802,10485
3094,12284,10485,12802,11579
3095,12802,9909,13995,10485
3096,5210,0,5990,814
3097,5210,814,5990,1125
3098,5990,0,6885,814
3099,13560,0,14254,985
3100,13560,985,14254,1374
3101,14254,0,14800,985
3102,5210,0,6342,1373
3103,5210,1373,6342,2320
3104,6342,0,7397,1373
3105,14773,1106,15630,1454
3106,14773,1454,15630,2434
3107,15630,1106,16113,1454
3108,9899,13440,10669,14455
3109,9899,14455,10669,14737
3110,10669,13440,11143,14455
3111,11962,0,12927,514
3112,11962,514,12927,1628
3113,12927,0,13771,514
3114,17042,1333,17250,1525
3115,17042,1525,17250,2434
3116,17250,1333,18205,1525
3117,11188,7296,12048,8216
3118,11188,8216,12048,8336
3119,12048,7296,12476,8216
3120,15813,0,16533,598
3121,15813,598,16533,1469
3122,16533,0,17311,598
3123,2536,1250,3055,1568
3124,2536,1568,3055,2581
3125,3055,1250,3936,1568
3126,15681,0,16369,238
3127,15681,238,16369,1151
3128,16369,0,17311,238
3129,9899,13365,10684,14185
3130,9899,14185,10684,14737
3131,10684,13365,11177,14185
3132,11171,7221,11897,8173
3133,11171,8173,11897,8671
3134,11897,7221,12595,8173
3135,9899,3759,10612,4701
3136,9899,4701,10612,5146
3137,10612,3759,10963,4701
3138,16159,12127,17093,12750
3139,16159,12750,17093,13296
3140,17093,12127,17351,12750
3141,11962,0,12872,457
3142,11962,457,12872,1562
3143,12872,0,13258,457
3144,9899,14737,12856,17374
3145,9899,17374,12856,20000
3146,12856,14737,15237,17374
3147,12284,11043,12463,11925
3148,12284,11925,12463,12471
3149,12463,11043,13397,11925
3150,6019,0,6485,389
3151,6019,389,6485,1131
3152,6485,0,7569,389
3153,14773,2317,15141,3281
3154,14773,3281,15141,3822
3155,15141,2317,15898,3281
3156,12529,948,13387,1552
3157,12529,1552,13387,2479
3158,13387,948,13731,1552
3159,12741,14737,14059,16203
3160,12741,16203,14059,17330
3161,14059,14737,15237,16203
3162,14059,16203,15237,17330
